record_id,date,department,description
OP0995,2026-07-01,Facilities,Meeting-space bookings are frequently causing scheduling conflicts after a recent update. Several users have described similar behavior.
OP0687,2026-07-01,Communication,Project information is scattered across multiple channels during normal business hours. The issue was reported by several employees.
OP0005,2026-07-01,Facilities,Conference rooms appear double-booked when workload increases. The team has requested investigation.
OP0052,2026-07-01,Facilities,Meeting rooms are unavailable despite being reserved near the end of the workday. The team says it is affecting productivity.
OP0498,2026-07-01,IT,Employees experience repeated network timeouts during the morning. The problem has occurred repeatedly this week.
OP0193,2026-07-01,Security,Accounts are generating unexpected security alerts when workload increases. The problem is causing delays for routine work.
OP0525,2026-07-01,Security,Users report suspicious authentication activity during the afternoon. The problem has occurred repeatedly this week.
OP0646,2026-07-01,Product,The redesigned interface is increasing task completion time during peak usage. The issue was noticed during normal operations.
OP0484,2026-07-02,Database,Applications intermittently fail when accessing stored data when workload increases. The problem is still occurring.
OP0788,2026-07-02,Customer Support,Customers receive errors while completing purchases after a recent update. The team says it is affecting productivity.
OP0244,2026-07-02,HR,Employee approval requests remain pending for several days during peak usage. The issue was reported by several employees.
OP0966,2026-07-02,HR,Routine employee requests require excessive approval time during normal business hours. The team says it is affecting productivity.
OP0647,2026-07-02,Facilities,Meeting rooms are unavailable despite being reserved during remote access. The issue was noticed during normal operations.
OP0154,2026-07-02,Database,Database response time becomes slow during peak usage when workload increases. The team says it is affecting productivity.
OP0728,2026-07-02,Security,Accounts are generating unexpected security alerts during normal business hours. Several users have described similar behavior.
OP0664,2026-07-02,Operations,Inventory updates are not reflected quickly in the system during the afternoon. The team says it is affecting productivity.
OP0201,2026-07-02,Operations,Inventory updates are not reflected quickly in the system during normal business hours. The problem is causing delays for routine work.
OP0994,2026-07-02,Operations,Inventory records are becoming inconsistent across systems when workload increases. The team has requested investigation.
OP0502,2026-07-02,IT,VPN connection drops during remote work near the end of the workday. The problem is causing delays for routine work.
OP0807,2026-07-02,IT,VPN connection drops during remote work during remote access. Several users have described similar behavior.
OP0601,2026-07-03,IT,VPN connection drops during remote work during normal business hours. The problem has occurred repeatedly this week.
OP0503,2026-07-03,IT,Internal applications become unreachable from remote locations when workload increases. Several users have described similar behavior.
OP0561,2026-07-03,DevOps,Production releases are being delayed by failed deployments during the afternoon. The issue was reported by several employees.
OP0245,2026-07-03,Security,Accounts are generating unexpected security alerts during remote access. The issue was noticed during normal operations.
OP0689,2026-07-03,HR,Routine employee requests require excessive approval time during the morning. The problem is still occurring.
OP0124,2026-07-03,Customer Support,Users are unable to complete transactions after entering payment details during normal business hours. The problem has occurred repeatedly this week.
OP0463,2026-07-03,HR,Managers report a growing backlog of pending requests during the morning. The issue was noticed during normal operations.
OP0328,2026-07-03,Operations,Stock changes are missing from the dashboard during the afternoon. The issue was reported by several employees.
OP0217,2026-07-03,Security,Unusual access attempts have been reported by employees when workload increases. Several users have described similar behavior.
OP0704,2026-07-03,Operations,Inventory updates are not reflected quickly in the system when workload increases. The issue was reported by several employees.
OP0783,2026-07-03,Database,Database performance has degraded under heavier workloads after a recent update. The team says it is affecting productivity.
OP0618,2026-07-04,DevOps,Build jobs are taking unusually long to complete when workload increases. The problem is causing delays for routine work.
OP0083,2026-07-04,Customer Support,Users are unable to complete transactions after entering payment details after a recent update. The issue was noticed during normal operations.
OP0079,2026-07-04,HR,Routine employee requests require excessive approval time near the end of the workday. The team says it is affecting productivity.
OP0632,2026-07-04,HR,Managers report a growing backlog of pending requests during the afternoon. Several users have described similar behavior.
OP0706,2026-07-04,Product,Users are confused by the latest interface changes during normal business hours. The problem is still occurring.
OP0118,2026-07-04,Database,Database response time becomes slow during peak usage during normal business hours. The issue became noticeable after a recent change.
OP0564,2026-07-04,HR,Leave requests are taking too long to get approved near the end of the workday. The issue became noticeable after a recent change.
OP0382,2026-07-04,Communication,Employees are receiving conflicting instructions near the end of the workday. The issue was noticed during normal operations.
OP0410,2026-07-04,DevOps,CI jobs are frequently stopping before completion when workload increases. Employees say the issue is becoming more frequent.
OP0081,2026-07-05,Customer Support,Users cannot reliably complete the checkout process near the end of the workday. The problem has occurred repeatedly this week.
OP0433,2026-07-05,IT,Remote access to internal systems is unstable during peak usage. The issue became noticeable after a recent change.
OP0986,2026-07-05,Product,The redesigned interface is increasing task completion time during the morning. The team says it is affecting productivity.
OP0236,2026-07-05,Operations,Stock changes are missing from the dashboard when workload increases. The issue became noticeable after a recent change.
OP0818,2026-07-05,IT,VPN connection drops during remote work near the end of the workday. The issue became noticeable after a recent change.
OP0775,2026-07-05,Facilities,Room availability does not match the booking system during the morning. The issue became noticeable after a recent change.
OP0734,2026-07-05,Customer Support,Customers receive errors while completing purchases near the end of the workday. The team says it is affecting productivity.
OP0071,2026-07-06,IT,VPN connection drops during remote work when workload increases. The issue became noticeable after a recent change.
OP0207,2026-07-06,HR,Managers report a growing backlog of pending requests during the morning. Several users have described similar behavior.
OP0381,2026-07-06,IT,Employees experience repeated network timeouts during the afternoon. The issue was reported by several employees.
OP0668,2026-07-06,DevOps,Build failures are blocking scheduled releases during the afternoon. The problem is still occurring.
OP0469,2026-07-06,Communication,Project updates are arriving too late for affected teams after a recent update. The issue was reported by several employees.
OP0650,2026-07-06,IT,Remote access to internal systems is unstable during the afternoon. Several users have described similar behavior.
OP0424,2026-07-06,Security,Accounts are generating unexpected security alerts when workload increases. The team says it is affecting productivity.
OP0411,2026-07-07,Communication,Important decisions are not reaching all team members after a recent update. Several users have described similar behavior.
OP0796,2026-07-07,Operations,Warehouse records take too long to synchronize during normal business hours. Several users have described similar behavior.
OP0785,2026-07-07,IT,Network access becomes slow during peak hours during the morning. Several users have described similar behavior.
OP0840,2026-07-07,DevOps,Deployment pipeline fails after recent code changes during peak usage. The issue became noticeable after a recent change.
OP0155,2026-07-07,Product,Customers are struggling to find features after the redesign during the morning. Several users have described similar behavior.
OP0517,2026-07-07,HR,Routine employee requests require excessive approval time during remote access. The problem has occurred repeatedly this week.
OP0323,2026-07-07,Operations,Warehouse records take too long to synchronize near the end of the workday. The issue was reported by several employees.
OP0049,2026-07-07,DevOps,CI jobs are frequently stopping before completion during the afternoon. The problem is causing delays for routine work.
OP0700,2026-07-07,Security,Users report suspicious authentication activity during the morning. The problem has occurred repeatedly this week.
OP0121,2026-07-07,Facilities,Conference rooms appear double-booked during peak usage. The team has requested investigation.
OP0022,2026-07-07,HR,Requests are moving slowly between approval stages during the afternoon. The team has requested investigation.
OP0330,2026-07-07,Customer Support,Users cannot reliably complete the checkout process during the afternoon. Several users have described similar behavior.
OP0605,2026-07-07,Customer Support,Customers report that the payment page becomes unresponsive during peak usage. The problem is still occurring.
OP0844,2026-07-07,Facilities,Conference rooms appear double-booked when workload increases. The problem is causing delays for routine work.
OP0240,2026-07-07,DevOps,Deployment jobs are waiting unusually long for resources during the morning. The issue was noticed during normal operations.
OP0238,2026-07-08,Security,Employees are receiving unexpected login notifications during remote access. The problem is still occurring.
OP0673,2026-07-08,Operations,Inventory quantities differ between operational systems during normal business hours. The problem is causing delays for routine work.
OP0170,2026-07-08,Customer Support,Users are unable to complete transactions after entering payment details during the afternoon. The team says it is affecting productivity.
OP0478,2026-07-08,Database,Database response time becomes slow during peak usage during normal business hours. The team says it is affecting productivity.
OP0470,2026-07-08,Facilities,Room availability does not match the booking system after a recent update. The issue was noticed during normal operations.
OP0045,2026-07-08,Facilities,Room availability does not match the booking system during the afternoon. The issue was reported by several employees.
OP0771,2026-07-08,Security,Several users noticed authentication events they do not recognize during remote access. The team says it is affecting productivity.
OP0587,2026-07-08,Communication,Project information is scattered across multiple channels after a recent update. The issue was noticed during normal operations.
OP0509,2026-07-08,Facilities,Room availability does not match the booking system during normal business hours. The issue became noticeable after a recent change.
OP0252,2026-07-09,DevOps,Deployment pipeline fails after recent code changes during peak usage. The problem is still occurring.
OP0699,2026-07-09,IT,Employees cannot reliably connect to the corporate network after a recent update. The issue was noticed during normal operations.
OP0241,2026-07-09,Security,Multiple accounts show unfamiliar sign-in attempts after a recent update. The team says it is affecting productivity.
OP0023,2026-07-09,DevOps,Build jobs are taking unusually long to complete near the end of the workday. The team says it is affecting productivity.
OP0125,2026-07-09,Product,Users are confused by the latest interface changes after a recent update. The problem is still occurring.
OP0039,2026-07-09,IT,VPN connection drops during remote work after a recent update. The issue was reported by several employees.
OP0331,2026-07-09,Database,Several services are losing their database connections during normal business hours. Employees say the issue is becoming more frequent.
OP0914,2026-07-09,HR,Managers report a growing backlog of pending requests during normal business hours. The problem is still occurring.
OP0369,2026-07-09,Product,Customers are struggling to find features after the redesign during the afternoon. Employees say the issue is becoming more frequent.
OP0741,2026-07-09,Security,Accounts are generating unexpected security alerts during peak usage. The issue was reported by several employees.
OP0864,2026-07-09,DevOps,Deployment pipeline fails after recent code changes during the morning. The team says it is affecting productivity.
OP0335,2026-07-09,Facilities,Conference rooms appear double-booked during remote access. The problem has occurred repeatedly this week.
OP0037,2026-07-09,Operations,Inventory updates are not reflected quickly in the system after a recent update. The issue was noticed during normal operations.
OP0458,2026-07-09,DevOps,Deployment pipeline fails after recent code changes during remote access. The issue became noticeable after a recent change.
OP0897,2026-07-09,IT,Remote access to internal systems is unstable after a recent update. The team has requested investigation.
OP0871,2026-07-09,IT,Network access becomes slow during peak hours during the morning. The problem has occurred repeatedly this week.
OP0205,2026-07-09,Operations,Inventory records are becoming inconsistent across systems during the morning. The problem is causing delays for routine work.
OP0084,2026-07-09,Database,Several services are losing their database connections when workload increases. The problem is still occurring.
OP0363,2026-07-10,Operations,Stock information is frequently out of date during peak usage. The problem has occurred repeatedly this week.
OP0705,2026-07-10,Security,Multiple accounts show unfamiliar sign-in attempts during peak usage. The issue became noticeable after a recent change.
OP0905,2026-07-10,HR,Employees are waiting too long for administrative approvals after a recent update. The team says it is affecting productivity.
OP0280,2026-07-10,IT,Network access becomes slow during peak hours during normal business hours. The issue was reported by several employees.
OP0213,2026-07-10,Customer Support,Customers are reporting repeated payment failures during peak usage. The problem is causing delays for routine work.
OP0371,2026-07-10,Communication,Teams are missing important project updates during remote access. The team says it is affecting productivity.
OP0620,2026-07-10,Facilities,Meeting rooms are unavailable despite being reserved during normal business hours. The issue was noticed during normal operations.
OP0976,2026-07-10,Facilities,Reserved rooms are sometimes occupied by other teams near the end of the workday. Employees say the issue is becoming more frequent.
OP0622,2026-07-10,Security,Unusual access attempts have been reported by employees during normal business hours. The team says it is affecting productivity.
OP0610,2026-07-10,Facilities,Reserved rooms are sometimes occupied by other teams during normal business hours. The team says it is affecting productivity.
OP0655,2026-07-10,Security,Staff members are receiving repeated unexpected sign-in prompts after a recent update. Several users have described similar behavior.
OP0548,2026-07-10,HR,Managers report a growing backlog of pending requests near the end of the workday. The issue became noticeable after a recent change.
OP0666,2026-07-10,Facilities,Employees cannot reliably access reserved meeting spaces when workload increases. The problem has occurred repeatedly this week.
OP0984,2026-07-11,DevOps,Deployment pipeline fails after recent code changes during peak usage. Several users have described similar behavior.
OP0164,2026-07-11,Database,Database performance has degraded under heavier workloads when workload increases. The issue was noticed during normal operations.
OP0376,2026-07-11,Database,Database response time becomes slow during peak usage when workload increases. The problem is causing delays for routine work.
OP0120,2026-07-11,Facilities,Teams are reporting repeated meeting-room conflicts during the morning. Employees say the issue is becoming more frequent.
OP0203,2026-07-11,Customer Support,Online payment attempts sometimes fail unexpectedly near the end of the workday. Employees say the issue is becoming more frequent.
OP0173,2026-07-11,Product,Users are having difficulty completing common tasks after the update during normal business hours. The team has requested investigation.
OP0523,2026-07-11,Communication,Employees are receiving conflicting instructions during the afternoon. The issue was noticed during normal operations.
OP0059,2026-07-11,DevOps,Release automation is generating repeated errors during the morning. The issue was noticed during normal operations.
OP0932,2026-07-11,DevOps,Production releases are being delayed by failed deployments during remote access. The issue was noticed during normal operations.
OP0889,2026-07-11,Operations,Stock changes are missing from the dashboard during peak usage. The problem has occurred repeatedly this week.
OP0480,2026-07-11,Database,Database response time becomes slow during peak usage during remote access. The issue was noticed during normal operations.
OP0522,2026-07-11,HR,Managers report a growing backlog of pending requests near the end of the workday. Employees say the issue is becoming more frequent.
OP0271,2026-07-11,IT,Remote access to internal systems is unstable during the morning. The team says it is affecting productivity.
OP0921,2026-07-11,HR,Internal approval workflows are causing delays after a recent update. The team has requested investigation.
OP0032,2026-07-11,Database,Database connections drop during periods of high traffic during the afternoon. The issue was noticed during normal operations.
OP0747,2026-07-12,Security,Users report suspicious authentication activity when workload increases. The team says it is affecting productivity.
OP0773,2026-07-12,Communication,Different departments are working from inconsistent information during normal business hours. The team says it is affecting productivity.
OP0856,2026-07-12,HR,Employees are waiting too long for administrative approvals near the end of the workday. The problem is causing delays for routine work.
OP0508,2026-07-12,Customer Support,Customers are reporting repeated payment failures during the morning. The problem has occurred repeatedly this week.
OP0867,2026-07-12,IT,Network access becomes slow during peak hours during the morning. The problem is still occurring.
OP0259,2026-07-12,Security,Multiple accounts show unfamiliar sign-in attempts during the afternoon. The team has requested investigation.
OP0660,2026-07-12,Database,Applications intermittently fail when accessing stored data during peak usage. The problem is still occurring.
OP0221,2026-07-12,IT,Internal applications become unreachable from remote locations during peak usage. The problem is still occurring.
OP0794,2026-07-12,Communication,Project updates are arriving too late for affected teams during peak usage. The team has requested investigation.
OP0188,2026-07-12,Customer Support,Checkout requests occasionally stop responding near the end of the workday. The issue was reported by several employees.
OP0007,2026-07-12,HR,Leave requests are taking too long to get approved during the afternoon. The problem is still occurring.
OP0584,2026-07-12,IT,Network access becomes slow during peak hours during remote access. Several users have described similar behavior.
OP0816,2026-07-12,Operations,Inventory records are becoming inconsistent across systems during normal business hours. Employees say the issue is becoming more frequent.
OP0615,2026-07-12,Communication,Project updates are arriving too late for affected teams after a recent update. The team has requested investigation.
OP0596,2026-07-12,Operations,Warehouse records take too long to synchronize during the morning. Employees say the issue is becoming more frequent.
OP0711,2026-07-12,IT,Employees cannot reliably connect to the corporate network near the end of the workday. The issue was reported by several employees.
OP0453,2026-07-12,Operations,Inventory updates are not reflected quickly in the system during normal business hours. The issue was noticed during normal operations.
OP0099,2026-07-12,DevOps,Production releases are being delayed by failed deployments during remote access. The problem is causing delays for routine work.
OP0489,2026-07-13,Security,Unusual access attempts have been reported by employees during normal business hours. The team has requested investigation.
OP0310,2026-07-13,HR,Leave requests are taking too long to get approved when workload increases. The problem has occurred repeatedly this week.
OP0163,2026-07-13,Customer Support,Checkout requests occasionally stop responding during the morning. Employees say the issue is becoming more frequent.
OP0235,2026-07-13,Facilities,Teams are reporting repeated meeting-room conflicts near the end of the workday. The team says it is affecting productivity.
OP0043,2026-07-13,Operations,Inventory records are becoming inconsistent across systems after a recent update. The issue became noticeable after a recent change.
OP0702,2026-07-13,Operations,Inventory quantities differ between operational systems near the end of the workday. The problem is still occurring.
OP0663,2026-07-13,Operations,Stock changes are missing from the dashboard after a recent update. The problem is causing delays for routine work.
OP0200,2026-07-13,Operations,Inventory updates are not reflected quickly in the system during remote access. The team says it is affecting productivity.
OP0156,2026-07-14,Product,Recent UI changes have increased support requests during normal business hours. The team says it is affecting productivity.
OP0067,2026-07-14,IT,Wi-Fi connectivity is inconsistent on the office floor when workload increases. The problem is causing delays for routine work.
OP0915,2026-07-14,Database,Several services are losing their database connections during peak usage. The issue became noticeable after a recent change.
OP0730,2026-07-14,Facilities,Conference rooms appear double-booked during the afternoon. The team says it is affecting productivity.
OP0526,2026-07-14,Customer Support,Customers receive errors while completing purchases when workload increases. The problem is still occurring.
OP0611,2026-07-14,Database,Several services are losing their database connections during the afternoon. The problem has occurred repeatedly this week.
OP0803,2026-07-14,DevOps,Build jobs are taking unusually long to complete during peak usage. The issue was reported by several employees.
OP0528,2026-07-14,Product,Users are having difficulty completing common tasks after the update near the end of the workday. The problem is causing delays for routine work.
OP0754,2026-07-14,Communication,Teams are struggling to keep track of project changes when workload increases. Several users have described similar behavior.
OP0648,2026-07-14,Security,Employees are receiving unexpected login notifications when workload increases. The issue became noticeable after a recent change.
OP0553,2026-07-14,Facilities,Meeting-space bookings are frequently causing scheduling conflicts near the end of the workday. The problem is still occurring.
OP0135,2026-07-14,Security,Employees are receiving unexpected login notifications during normal business hours. The issue became noticeable after a recent change.
OP0865,2026-07-14,Database,Database performance has degraded under heavier workloads near the end of the workday. The issue was noticed during normal operations.
OP0827,2026-07-14,Database,Several services are losing their database connections during remote access. The issue was noticed during normal operations.
OP0437,2026-07-15,Product,The new navigation is causing repeated user complaints after a recent update. Several users have described similar behavior.
OP0466,2026-07-15,Security,Multiple accounts show unfamiliar sign-in attempts after a recent update. Several users have described similar behavior.
OP0793,2026-07-15,Database,Database connections drop during periods of high traffic during the afternoon. The issue was reported by several employees.
OP0786,2026-07-15,DevOps,Deployment jobs are waiting unusually long for resources during the morning. The issue was reported by several employees.
OP0945,2026-07-15,Operations,Stock changes are missing from the dashboard during normal business hours. The issue was reported by several employees.
OP0129,2026-07-15,Customer Support,Users are unable to complete transactions after entering payment details during peak usage. The problem is still occurring.
OP0329,2026-07-15,Customer Support,Users cannot reliably complete the checkout process near the end of the workday. The team says it is affecting productivity.
OP0837,2026-07-15,HR,Requests are moving slowly between approval stages during remote access. The problem is causing delays for routine work.
OP0543,2026-07-15,Customer Support,Users are unable to complete transactions after entering payment details during remote access. The issue became noticeable after a recent change.
OP0798,2026-07-15,Security,Accounts are generating unexpected security alerts near the end of the workday. The problem is still occurring.
OP0729,2026-07-15,Communication,Teams are struggling to keep track of project changes near the end of the workday. The problem is causing delays for routine work.
OP0073,2026-07-15,Operations,Stock changes are missing from the dashboard during the morning. The issue became noticeable after a recent change.
OP0801,2026-07-15,DevOps,Production releases are being delayed by failed deployments during peak usage. The problem is still occurring.
OP0189,2026-07-16,Database,Applications intermittently fail when accessing stored data during normal business hours. The problem has occurred repeatedly this week.
OP0261,2026-07-16,HR,Requests are moving slowly between approval stages during remote access. The issue was reported by several employees.
OP0659,2026-07-16,Operations,Warehouse records take too long to synchronize when workload increases. The team has requested investigation.
OP0609,2026-07-16,Operations,Inventory updates are not reflected quickly in the system during remote access. The issue was reported by several employees.
OP0445,2026-07-16,Security,Several users noticed authentication events they do not recognize during the morning. The issue was noticed during normal operations.
OP0346,2026-07-16,IT,Employees experience repeated network timeouts when workload increases. The problem is still occurring.
OP0745,2026-07-16,Customer Support,Online payment attempts sometimes fail unexpectedly near the end of the workday. The team has requested investigation.
OP0953,2026-07-16,Communication,Employees are receiving conflicting instructions during the afternoon. The team says it is affecting productivity.
OP0092,2026-07-16,DevOps,Deployment jobs are waiting unusually long for resources during remote access. The problem is still occurring.
OP0723,2026-07-16,DevOps,CI jobs are frequently stopping before completion during peak usage. The issue was reported by several employees.
OP0373,2026-07-17,Product,Customers report that important controls are difficult to locate during peak usage. Employees say the issue is becoming more frequent.
OP0778,2026-07-17,Database,Database performance has degraded under heavier workloads when workload increases. The problem is still occurring.
OP0033,2026-07-17,Operations,Inventory records are becoming inconsistent across systems during peak usage. The problem has occurred repeatedly this week.
OP0805,2026-07-17,Communication,Important decisions are not reaching all team members during the morning. The problem is still occurring.
OP0591,2026-07-17,Facilities,Meeting rooms are unavailable despite being reserved during peak usage. Several users have described similar behavior.
OP0402,2026-07-17,Communication,Project updates are arriving too late for affected teams during the afternoon. Employees say the issue is becoming more frequent.
OP0454,2026-07-17,Product,The new navigation is causing repeated user complaints during normal business hours. The issue was reported by several employees.
OP0831,2026-07-17,Operations,Stock changes are missing from the dashboard during peak usage. The team says it is affecting productivity.
OP0377,2026-07-17,Customer Support,Users cannot reliably complete the checkout process when workload increases. The problem is causing delays for routine work.
OP0127,2026-07-17,IT,Internal applications become unreachable from remote locations after a recent update. The team says it is affecting productivity.
OP0372,2026-07-17,Operations,Inventory quantities differ between operational systems during remote access. The problem is causing delays for routine work.
OP0621,2026-07-17,Product,Users are confused by the latest interface changes during remote access. The problem is still occurring.
OP0355,2026-07-17,Communication,Project updates are arriving too late for affected teams during the morning. The team has requested investigation.
OP0667,2026-07-17,IT,VPN connection drops during remote work during normal business hours. The issue was noticed during normal operations.
OP0850,2026-07-17,IT,Network access becomes slow during peak hours when workload increases. Several users have described similar behavior.
OP0075,2026-07-17,Communication,Teams are struggling to keep track of project changes near the end of the workday. The team says it is affecting productivity.
OP0836,2026-07-17,Database,Database queries are taking longer than expected during remote access. Several users have described similar behavior.
OP0988,2026-07-18,Product,Recent UI changes have increased support requests during normal business hours. The problem is causing delays for routine work.
OP0799,2026-07-18,DevOps,Build failures are blocking scheduled releases during the morning. The issue was reported by several employees.
OP0436,2026-07-18,Customer Support,Customers receive errors while completing purchases during normal business hours. The problem is causing delays for routine work.
OP0111,2026-07-18,Customer Support,Online payment attempts sometimes fail unexpectedly during the afternoon. The problem is still occurring.
OP0496,2026-07-18,HR,Managers report a growing backlog of pending requests during peak usage. The problem is still occurring.
OP0769,2026-07-18,Customer Support,Customers receive errors while completing purchases during peak usage. The issue was reported by several employees.
OP0447,2026-07-18,Security,Unusual access attempts have been reported by employees after a recent update. The issue was noticed during normal operations.
OP0341,2026-07-18,Operations,Warehouse data is arriving later than expected during peak usage. The team has requested investigation.
OP0590,2026-07-18,Customer Support,Users are unable to complete transactions after entering payment details during the afternoon. The problem is causing delays for routine work.
OP0398,2026-07-18,IT,Employees experience repeated network timeouts near the end of the workday. The problem has occurred repeatedly this week.
OP0339,2026-07-18,DevOps,Build failures are blocking scheduled releases during remote access. Employees say the issue is becoming more frequent.
OP0326,2026-07-18,DevOps,Build failures are blocking scheduled releases during peak usage. The problem is still occurring.
OP0574,2026-07-18,Product,Customers are struggling to find features after the redesign when workload increases. The team has requested investigation.
OP0047,2026-07-18,Database,Application requests experience database timeouts during normal business hours. The problem is causing delays for routine work.
OP0928,2026-07-18,Customer Support,Checkout requests occasionally stop responding near the end of the workday. The problem is still occurring.
OP0459,2026-07-18,IT,Employees cannot reliably connect to the corporate network during peak usage. The issue became noticeable after a recent change.
OP0532,2026-07-18,Product,Customers are struggling to find features after the redesign during peak usage. The issue became noticeable after a recent change.
OP0268,2026-07-19,Communication,Project updates are arriving too late for affected teams during the afternoon. The issue became noticeable after a recent change.
OP0288,2026-07-19,Product,Customers are struggling to find features after the redesign during remote access. The problem is still occurring.
OP0491,2026-07-19,Security,Staff members are receiving repeated unexpected sign-in prompts after a recent update. The issue was reported by several employees.
OP0533,2026-07-19,Customer Support,Online payment attempts sometimes fail unexpectedly during normal business hours. Several users have described similar behavior.
OP0913,2026-07-19,Operations,Stock information is frequently out of date near the end of the workday. The issue was noticed during normal operations.
OP0267,2026-07-19,Security,Users report suspicious authentication activity during peak usage. The issue was reported by several employees.
OP0931,2026-07-19,Facilities,Reserved rooms are sometimes occupied by other teams during the afternoon. The issue was reported by several employees.
OP0354,2026-07-19,Security,Unusual access attempts have been reported by employees during the morning. The team says it is affecting productivity.
OP0412,2026-07-19,Communication,Important decisions are not reaching all team members near the end of the workday. The team says it is affecting productivity.
OP0160,2026-07-20,DevOps,Release automation is generating repeated errors during peak usage. The issue was reported by several employees.
OP0866,2026-07-20,Database,Database queries are taking longer than expected during the afternoon. The issue became noticeable after a recent change.
OP0852,2026-07-20,Operations,Warehouse data is arriving later than expected during the morning. The team says it is affecting productivity.
OP0906,2026-07-20,Product,Customers report that important controls are difficult to locate after a recent update. Several users have described similar behavior.
OP0194,2026-07-20,Customer Support,Customers are reporting repeated payment failures during normal business hours. Several users have described similar behavior.
OP0710,2026-07-20,Facilities,Teams are reporting repeated meeting-room conflicts during normal business hours. The problem is causing delays for routine work.
OP0992,2026-07-20,Customer Support,Online payment attempts sometimes fail unexpectedly when workload increases. The issue became noticeable after a recent change.
OP0476,2026-07-20,Product,Recent UI changes have increased support requests near the end of the workday. The issue became noticeable after a recent change.
OP0169,2026-07-20,Facilities,Meeting rooms are unavailable despite being reserved after a recent update. The problem is causing delays for routine work.
OP0916,2026-07-20,IT,Remote access to internal systems is unstable near the end of the workday. The problem is causing delays for routine work.
OP0199,2026-07-20,Operations,Warehouse data is arriving later than expected near the end of the workday. The issue became noticeable after a recent change.
OP0656,2026-07-20,Database,Application requests experience database timeouts during the afternoon. Employees say the issue is becoming more frequent.
OP0499,2026-07-20,Facilities,Conference rooms appear double-booked during the afternoon. The issue was noticed during normal operations.
OP0756,2026-07-20,Customer Support,Online payment attempts sometimes fail unexpectedly after a recent update. Several users have described similar behavior.
OP0312,2026-07-20,Communication,Project information is scattered across multiple channels near the end of the workday. Employees say the issue is becoming more frequent.
OP0810,2026-07-20,Database,Several services are losing their database connections near the end of the workday. The problem is still occurring.
OP0414,2026-07-20,IT,Network access becomes slow during peak hours near the end of the workday. The problem is still occurring.
OP0072,2026-07-21,IT,Employees cannot reliably connect to the corporate network when workload increases. The team says it is affecting productivity.
OP0317,2026-07-21,Customer Support,Users are unable to complete transactions after entering payment details near the end of the workday. The issue became noticeable after a recent change.
OP0811,2026-07-21,Product,Users are having difficulty completing common tasks after the update during the morning. The issue was reported by several employees.
OP0680,2026-07-21,Product,Recent UI changes have increased support requests after a recent update. Employees say the issue is becoming more frequent.
OP0165,2026-07-21,HR,Leave requests are taking too long to get approved during the afternoon. The team says it is affecting productivity.
OP0936,2026-07-21,IT,Employees cannot reliably connect to the corporate network during the morning. The issue was noticed during normal operations.
OP0930,2026-07-21,Security,Accounts are generating unexpected security alerts during the morning. The problem is causing delays for routine work.
OP0878,2026-07-21,Database,Several services are losing their database connections during peak usage. The problem is causing delays for routine work.
OP0707,2026-07-21,Facilities,Reserved rooms are sometimes occupied by other teams near the end of the workday. The team says it is affecting productivity.
OP0187,2026-07-21,DevOps,Deployment pipeline fails after recent code changes after a recent update. Employees say the issue is becoming more frequent.
OP0929,2026-07-21,DevOps,Deployment jobs are waiting unusually long for resources during normal business hours. The issue was noticed during normal operations.
OP0703,2026-07-21,Operations,Inventory records are becoming inconsistent across systems after a recent update. Employees say the issue is becoming more frequent.
OP0065,2026-07-21,DevOps,Build jobs are taking unusually long to complete when workload increases. The problem is still occurring.
OP0894,2026-07-22,Security,Unusual access attempts have been reported by employees after a recent update. The issue was reported by several employees.
OP0886,2026-07-22,Communication,Employees are receiving conflicting instructions near the end of the workday. The problem is still occurring.
OP0098,2026-07-22,Operations,Inventory quantities differ between operational systems during normal business hours. The issue was noticed during normal operations.
OP0772,2026-07-22,IT,Network access becomes slow during peak hours after a recent update. Several users have described similar behavior.
OP0812,2026-07-22,Product,The redesigned interface is increasing task completion time during normal business hours. The team has requested investigation.
OP0981,2026-07-22,Customer Support,Customers are reporting repeated payment failures after a recent update. The problem has occurred repeatedly this week.
OP0578,2026-07-22,Facilities,Reserved rooms are sometimes occupied by other teams during normal business hours. The team has requested investigation.
OP0014,2026-07-22,Security,Multiple accounts show unfamiliar sign-in attempts during the afternoon. Several users have described similar behavior.
OP0580,2026-07-22,IT,Employees cannot reliably connect to the corporate network when workload increases. The issue was noticed during normal operations.
OP0379,2026-07-22,HR,Requests are moving slowly between approval stages during peak usage. Employees say the issue is becoming more frequent.
OP0586,2026-07-22,Communication,Project updates are arriving too late for affected teams near the end of the workday. The problem is still occurring.
OP0824,2026-07-22,Product,Recent UI changes have increased support requests during the morning. The problem has occurred repeatedly this week.
OP0802,2026-07-22,Facilities,Reserved rooms are sometimes occupied by other teams near the end of the workday. The team has requested investigation.
OP0779,2026-07-22,DevOps,CI jobs are frequently stopping before completion when workload increases. The problem is causing delays for routine work.
OP0940,2026-07-23,Facilities,Teams are reporting repeated meeting-room conflicts when workload increases. The issue was reported by several employees.
OP0340,2026-07-23,IT,Employees cannot reliably connect to the corporate network during remote access. The problem is causing delays for routine work.
OP0934,2026-07-23,Customer Support,Customers are reporting repeated payment failures during the morning. Employees say the issue is becoming more frequent.
OP0290,2026-07-23,HR,Requests are moving slowly between approval stages during the afternoon. The team says it is affecting productivity.
OP0957,2026-07-23,IT,Internal applications become unreachable from remote locations near the end of the workday. The problem is still occurring.
OP0693,2026-07-23,Communication,Different departments are working from inconsistent information after a recent update. The problem is still occurring.
OP0694,2026-07-23,Facilities,Employees cannot reliably access reserved meeting spaces during peak usage. Several users have described similar behavior.
OP0895,2026-07-23,Product,Customers are struggling to find features after the redesign during peak usage. The team has requested investigation.
OP0685,2026-07-23,Database,Applications intermittently fail when accessing stored data when workload increases. The team has requested investigation.
OP0670,2026-07-23,Operations,Inventory updates are not reflected quickly in the system near the end of the workday. The issue became noticeable after a recent change.
OP0733,2026-07-23,Communication,Teams are struggling to keep track of project changes during the morning. The team has requested investigation.
OP0086,2026-07-23,Security,Employees are receiving unexpected login notifications when workload increases. The problem has occurred repeatedly this week.
OP0210,2026-07-23,Facilities,Teams are reporting repeated meeting-room conflicts during peak usage. The team says it is affecting productivity.
OP0742,2026-07-23,HR,Routine employee requests require excessive approval time during the morning. The problem is causing delays for routine work.
OP0572,2026-07-24,DevOps,Build jobs are taking unusually long to complete during the afternoon. Several users have described similar behavior.
OP0950,2026-07-24,Security,Multiple accounts show unfamiliar sign-in attempts when workload increases. Employees say the issue is becoming more frequent.
OP0911,2026-07-24,HR,Employee approval requests remain pending for several days when workload increases. The team says it is affecting productivity.
OP0057,2026-07-24,Product,Customers are struggling to find features after the redesign during the afternoon. The issue was reported by several employees.
OP0438,2026-07-24,Security,Multiple accounts show unfamiliar sign-in attempts when workload increases. The team has requested investigation.
OP0360,2026-07-24,Customer Support,Users cannot reliably complete the checkout process during the morning. The problem has occurred repeatedly this week.
OP0848,2026-07-24,Customer Support,Customers receive errors while completing purchases during the afternoon. The team says it is affecting productivity.
OP0804,2026-07-24,Facilities,Teams are reporting repeated meeting-room conflicts during normal business hours. The team has requested investigation.
OP0150,2026-07-25,Customer Support,Online payment attempts sometimes fail unexpectedly during the afternoon. The issue was noticed during normal operations.
OP0151,2026-07-25,Security,Employees are receiving unexpected login notifications during peak usage. The problem is causing delays for routine work.
OP0392,2026-07-25,HR,Routine employee requests require excessive approval time during remote access. The problem is still occurring.
OP0724,2026-07-25,Operations,Stock information is frequently out of date after a recent update. The team says it is affecting productivity.
OP0413,2026-07-25,Database,Database connections drop during periods of high traffic during the afternoon. Employees say the issue is becoming more frequent.
OP0708,2026-07-25,IT,VPN connection drops during remote work after a recent update. The problem is still occurring.
OP1000,2026-07-25,Product,The redesigned interface is increasing task completion time near the end of the workday. Several users have described similar behavior.
OP0094,2026-07-25,Facilities,Reserved rooms are sometimes occupied by other teams during peak usage. Several users have described similar behavior.
OP0054,2026-07-25,Product,Customers report that important controls are difficult to locate during peak usage. The team has requested investigation.
OP0482,2026-07-25,Communication,Teams are struggling to keep track of project changes during the afternoon. The issue was reported by several employees.
OP0879,2026-07-25,HR,Leave requests are taking too long to get approved when workload increases. Employees say the issue is becoming more frequent.
OP0847,2026-07-25,Communication,Teams are struggling to keep track of project changes after a recent update. Employees say the issue is becoming more frequent.
OP0168,2026-07-26,DevOps,Deployment jobs are waiting unusually long for resources when workload increases. The issue was noticed during normal operations.
OP0712,2026-07-26,Customer Support,Users are unable to complete transactions after entering payment details during normal business hours. Employees say the issue is becoming more frequent.
OP0972,2026-07-26,IT,Network access becomes slow during peak hours during remote access. The problem has occurred repeatedly this week.
OP0665,2026-07-26,IT,Employees experience repeated network timeouts during peak usage. The issue was noticed during normal operations.
OP0965,2026-07-26,Database,Database queries are taking longer than expected near the end of the workday. The issue became noticeable after a recent change.
OP0289,2026-07-26,Database,Database connections drop during periods of high traffic when workload increases. The team says it is affecting productivity.
OP0100,2026-07-26,Database,Database performance has degraded under heavier workloads after a recent update. Several users have described similar behavior.
OP0744,2026-07-26,IT,Network access becomes slow during peak hours during remote access. The issue was reported by several employees.
OP0645,2026-07-26,Operations,Warehouse records take too long to synchronize during normal business hours. Employees say the issue is becoming more frequent.
OP0131,2026-07-26,Communication,Project updates are arriving too late for affected teams near the end of the workday. The issue became noticeable after a recent change.
OP0790,2026-07-26,DevOps,Build failures are blocking scheduled releases during normal business hours. The problem has occurred repeatedly this week.
OP0126,2026-07-26,IT,Employees experience repeated network timeouts after a recent update. The issue was reported by several employees.
OP0222,2026-07-26,Customer Support,Online payment attempts sometimes fail unexpectedly during peak usage. The issue became noticeable after a recent change.
OP0835,2026-07-26,Security,Several users noticed authentication events they do not recognize after a recent update. The problem is causing delays for routine work.
OP0898,2026-07-27,Customer Support,Online payment attempts sometimes fail unexpectedly during the morning. The issue was noticed during normal operations.
OP0962,2026-07-27,Security,Multiple accounts show unfamiliar sign-in attempts near the end of the workday. The team has requested investigation.
OP0275,2026-07-27,Facilities,Teams are reporting repeated meeting-room conflicts during the morning. The issue was reported by several employees.
OP0926,2026-07-27,Security,Unusual access attempts have been reported by employees near the end of the workday. Several users have described similar behavior.
OP0585,2026-07-27,Operations,Inventory records are becoming inconsistent across systems after a recent update. The problem has occurred repeatedly this week.
OP0842,2026-07-27,Customer Support,Users cannot reliably complete the checkout process when workload increases. The issue was reported by several employees.
OP0958,2026-07-27,Security,Several users noticed authentication events they do not recognize during the morning. The issue was reported by several employees.
OP0658,2026-07-27,Facilities,Meeting rooms are unavailable despite being reserved during remote access. The problem is causing delays for routine work.
OP0969,2026-07-28,Facilities,Meeting rooms are unavailable despite being reserved during the morning. The team says it is affecting productivity.
OP0051,2026-07-28,HR,Employees are waiting too long for administrative approvals during normal business hours. The team has requested investigation.
OP0018,2026-07-28,Customer Support,Customers report that the payment page becomes unresponsive during remote access. The issue was noticed during normal operations.
OP0308,2026-07-28,IT,Employees cannot reliably connect to the corporate network during peak usage. Several users have described similar behavior.
OP0112,2026-07-28,HR,Leave requests are taking too long to get approved during peak usage. The issue became noticeable after a recent change.
OP0891,2026-07-28,Product,Customers report that important controls are difficult to locate near the end of the workday. The issue was reported by several employees.
OP0607,2026-07-28,DevOps,Deployment jobs are waiting unusually long for resources during the morning. The problem has occurred repeatedly this week.
OP0420,2026-07-29,Database,Application requests experience database timeouts when workload increases. Several users have described similar behavior.
OP0749,2026-07-29,Operations,Stock information is frequently out of date during the morning. The team says it is affecting productivity.
OP0638,2026-07-29,HR,Leave requests are taking too long to get approved near the end of the workday. The issue was reported by several employees.
OP0748,2026-07-29,HR,Routine employee requests require excessive approval time after a recent update. Employees say the issue is becoming more frequent.
OP0678,2026-07-29,Customer Support,Users cannot reliably complete the checkout process during remote access. The issue was reported by several employees.
OP0507,2026-07-29,Facilities,Room availability does not match the booking system after a recent update. Employees say the issue is becoming more frequent.
OP0696,2026-07-29,IT,Remote access to internal systems is unstable during remote access. Employees say the issue is becoming more frequent.
OP0764,2026-07-29,HR,Managers report a growing backlog of pending requests during the afternoon. The problem is still occurring.
OP0001,2026-07-29,DevOps,Deployment pipeline fails after recent code changes after a recent update. Several users have described similar behavior.
OP0021,2026-07-29,Facilities,Teams are reporting repeated meeting-room conflicts during remote access. The issue became noticeable after a recent change.
OP0230,2026-07-29,Operations,Inventory updates are not reflected quickly in the system during remote access. Employees say the issue is becoming more frequent.
OP0038,2026-07-29,Security,Employees are receiving unexpected login notifications after a recent update. Employees say the issue is becoming more frequent.
OP0274,2026-07-29,Product,Customers report that important controls are difficult to locate during the morning. Several users have described similar behavior.
OP0309,2026-07-29,Security,Accounts are generating unexpected security alerts after a recent update. The team has requested investigation.
OP0322,2026-07-29,Product,Customers are struggling to find features after the redesign during the afternoon. The issue became noticeable after a recent change.
OP0219,2026-07-29,Customer Support,Users are unable to complete transactions after entering payment details during remote access. The issue was noticed during normal operations.
OP0264,2026-07-29,Product,Customers are struggling to find features after the redesign during normal business hours. The team says it is affecting productivity.
OP0011,2026-07-30,Database,Database performance has degraded under heavier workloads during the morning. The problem has occurred repeatedly this week.
OP0795,2026-07-30,Product,Users are confused by the latest interface changes when workload increases. The problem has occurred repeatedly this week.
OP0946,2026-07-30,Customer Support,Customers report that the payment page becomes unresponsive after a recent update. The issue became noticeable after a recent change.
OP0229,2026-07-30,Communication,Important decisions are not reaching all team members during the afternoon. The problem is still occurring.
OP0782,2026-07-30,Database,Application requests experience database timeouts during the morning. The issue became noticeable after a recent change.
OP0737,2026-07-30,Customer Support,Online payment attempts sometimes fail unexpectedly during the afternoon. The team has requested investigation.
OP0242,2026-07-30,Product,Customers are struggling to find features after the redesign after a recent update. Employees say the issue is becoming more frequent.
OP0428,2026-07-30,IT,Wi-Fi connectivity is inconsistent on the office floor after a recent update. The problem is causing delays for routine work.
OP0003,2026-07-30,IT,VPN connection drops during remote work after a recent update. The problem has occurred repeatedly this week.
OP0686,2026-07-30,Operations,Inventory updates are not reflected quickly in the system during the morning. The problem has occurred repeatedly this week.
OP0486,2026-07-31,Communication,Project updates are arriving too late for affected teams near the end of the workday. The issue was noticed during normal operations.
OP0467,2026-07-31,IT,Employees experience repeated network timeouts during the morning. The issue became noticeable after a recent change.
OP0078,2026-07-31,Product,The redesigned interface is increasing task completion time during peak usage. The issue became noticeable after a recent change.
OP0472,2026-07-31,Security,Unusual access attempts have been reported by employees during remote access. Employees say the issue is becoming more frequent.
OP0951,2026-07-31,Database,Several services are losing their database connections after a recent update. The issue was noticed during normal operations.
OP0859,2026-07-31,IT,VPN connection drops during remote work during normal business hours. The problem is still occurring.
OP0883,2026-07-31,Operations,Warehouse records take too long to synchronize during peak usage. The problem is still occurring.
OP0442,2026-07-31,Database,Database connections drop during periods of high traffic near the end of the workday. Several users have described similar behavior.
OP0050,2026-07-31,Product,The redesigned interface is increasing task completion time during the afternoon. The issue was reported by several employees.
OP0477,2026-07-31,Customer Support,Customers receive errors while completing purchases during normal business hours. The team says it is affecting productivity.
OP0109,2026-07-31,Database,Applications intermittently fail when accessing stored data during normal business hours. Several users have described similar behavior.
OP0813,2026-07-31,DevOps,Build failures are blocking scheduled releases during remote access. The team has requested investigation.
OP0504,2026-07-31,DevOps,Deployment pipeline fails after recent code changes during peak usage. The problem is causing delays for routine work.
OP0110,2026-07-31,Customer Support,Customers receive errors while completing purchases when workload increases. The problem has occurred repeatedly this week.
OP0367,2026-07-31,Database,Database connections drop during periods of high traffic during peak usage. The issue was noticed during normal operations.
OP0237,2026-07-31,Security,Multiple accounts show unfamiliar sign-in attempts during normal business hours. The team has requested investigation.
OP0980,2026-07-31,HR,Leave requests are taking too long to get approved during peak usage. The issue was reported by several employees.
OP0338,2026-07-31,IT,Employees cannot reliably connect to the corporate network during remote access. The problem has occurred repeatedly this week.
OP0300,2026-08-01,DevOps,Release automation is generating repeated errors during the morning. The team says it is affecting productivity.
OP0644,2026-08-01,Database,Database response time becomes slow during peak usage when workload increases. Employees say the issue is becoming more frequent.
OP0427,2026-08-01,Customer Support,Users cannot reliably complete the checkout process after a recent update. The problem has occurred repeatedly this week.
OP0551,2026-08-01,Product,Users are having difficulty completing common tasks after the update during the afternoon. The problem has occurred repeatedly this week.
OP0391,2026-08-01,Facilities,Meeting-space bookings are frequently causing scheduling conflicts near the end of the workday. Employees say the issue is becoming more frequent.
OP0637,2026-08-01,Product,Users are confused by the latest interface changes during the morning. The issue was reported by several employees.
OP0743,2026-08-01,Database,Applications intermittently fail when accessing stored data during the morning. The issue was noticed during normal operations.
OP0952,2026-08-01,Customer Support,Users cannot reliably complete the checkout process after a recent update. The issue was noticed during normal operations.
OP0080,2026-08-01,HR,Managers report a growing backlog of pending requests near the end of the workday. The problem is still occurring.
OP0046,2026-08-01,Facilities,Reserved rooms are sometimes occupied by other teams during the afternoon. The problem is still occurring.
OP0485,2026-08-01,Database,Application requests experience database timeouts during normal business hours. The problem has occurred repeatedly this week.
OP0777,2026-08-01,Product,Customers are struggling to find features after the redesign during the morning. The issue was reported by several employees.
OP0042,2026-08-01,HR,Managers report a growing backlog of pending requests during normal business hours. Employees say the issue is becoming more frequent.
OP0048,2026-08-01,Facilities,Conference rooms appear double-booked during normal business hours. Several users have described similar behavior.
OP0449,2026-08-01,Product,The new navigation is causing repeated user complaints after a recent update. The problem is causing delays for routine work.
OP0636,2026-08-02,Communication,Project information is scattered across multiple channels during peak usage. The problem is still occurring.
OP0861,2026-08-02,Facilities,Meeting-space bookings are frequently causing scheduling conflicts near the end of the workday. The problem has occurred repeatedly this week.
OP0258,2026-08-02,DevOps,Production releases are being delayed by failed deployments during remote access. The issue became noticeable after a recent change.
OP0070,2026-08-02,Database,Database performance has degraded under heavier workloads during normal business hours. Several users have described similar behavior.
OP0158,2026-08-02,Operations,Warehouse records take too long to synchronize during the morning. The team says it is affecting productivity.
OP0547,2026-08-02,HR,Managers report a growing backlog of pending requests after a recent update. Several users have described similar behavior.
OP0751,2026-08-02,Facilities,Meeting-space bookings are frequently causing scheduling conflicts during normal business hours. The problem is still occurring.
OP0535,2026-08-02,Customer Support,Customers receive errors while completing purchases during remote access. The problem has occurred repeatedly this week.
OP0825,2026-08-02,Operations,Stock information is frequently out of date during the afternoon. The issue became noticeable after a recent change.
OP0922,2026-08-02,Customer Support,Checkout requests occasionally stop responding near the end of the workday. The problem is causing delays for routine work.
OP0174,2026-08-02,Communication,Teams are missing important project updates during remote access. The issue became noticeable after a recent change.
OP0927,2026-08-02,HR,Internal approval workflows are causing delays during normal business hours. The problem is causing delays for routine work.
OP0089,2026-08-02,DevOps,CI jobs are frequently stopping before completion after a recent update. Employees say the issue is becoming more frequent.
OP0337,2026-08-02,Operations,Inventory updates are not reflected quickly in the system during remote access. The issue became noticeable after a recent change.
OP0344,2026-08-02,Customer Support,Checkout requests occasionally stop responding during normal business hours. The issue became noticeable after a recent change.
OP0318,2026-08-02,Database,Applications intermittently fail when accessing stored data during peak usage. Employees say the issue is becoming more frequent.
OP0900,2026-08-03,DevOps,Deployment jobs are waiting unusually long for resources when workload increases. The problem is causing delays for routine work.
OP0008,2026-08-03,Facilities,Meeting rooms are unavailable despite being reserved during remote access. The problem is still occurring.
OP0488,2026-08-03,Product,Customers report that important controls are difficult to locate when workload increases. The problem is still occurring.
OP0361,2026-08-03,Operations,Stock changes are missing from the dashboard during the afternoon. The issue became noticeable after a recent change.
OP0890,2026-08-03,Customer Support,Users are unable to complete transactions after entering payment details after a recent update. The team says it is affecting productivity.
OP0060,2026-08-03,Facilities,Reserved rooms are sometimes occupied by other teams during remote access. Employees say the issue is becoming more frequent.
OP0444,2026-08-03,Communication,Project updates are arriving too late for affected teams during the morning. Employees say the issue is becoming more frequent.
OP0108,2026-08-03,Operations,Stock information is frequently out of date during normal business hours. The team has requested investigation.
OP0027,2026-08-03,Facilities,Conference rooms appear double-booked during the morning. The team has requested investigation.
OP0061,2026-08-03,Database,Database performance has degraded under heavier workloads after a recent update. The problem is still occurring.
OP0019,2026-08-03,Operations,Inventory quantities differ between operational systems during peak usage. The team has requested investigation.
OP0623,2026-08-03,IT,Internal applications become unreachable from remote locations during the morning. The problem has occurred repeatedly this week.
OP0227,2026-08-03,Security,Employees are receiving unexpected login notifications during the morning. The issue became noticeable after a recent change.
OP0228,2026-08-03,Product,Users are confused by the latest interface changes during remote access. The team has requested investigation.
OP0947,2026-08-03,Security,Staff members are receiving repeated unexpected sign-in prompts during the morning. The problem is still occurring.
OP0800,2026-08-04,HR,Internal approval workflows are causing delays during normal business hours. The problem is still occurring.
OP0172,2026-08-04,DevOps,CI jobs are frequently stopping before completion near the end of the workday. Several users have described similar behavior.
OP0266,2026-08-04,Product,The redesigned interface is increasing task completion time during the morning. Employees say the issue is becoming more frequent.
OP0149,2026-08-04,Product,Recent UI changes have increased support requests during normal business hours. The problem is still occurring.
OP0175,2026-08-04,IT,VPN connection drops during remote work during the morning. The issue was noticed during normal operations.
OP0185,2026-08-04,Operations,Inventory records are becoming inconsistent across systems after a recent update. The issue was reported by several employees.
OP0738,2026-08-04,HR,Internal approval workflows are causing delays during remote access. The team has requested investigation.
OP0639,2026-08-04,Security,Multiple accounts show unfamiliar sign-in attempts during remote access. The issue became noticeable after a recent change.
OP0006,2026-08-05,HR,Managers report a growing backlog of pending requests during remote access. The issue became noticeable after a recent change.
OP0617,2026-08-05,Facilities,Employees cannot reliably access reserved meeting spaces after a recent update. The team says it is affecting productivity.
OP0293,2026-08-05,DevOps,CI jobs are frequently stopping before completion when workload increases. The team has requested investigation.
OP0142,2026-08-05,Database,Database response time becomes slow during peak usage during remote access. Several users have described similar behavior.
OP0566,2026-08-05,IT,Wi-Fi connectivity is inconsistent on the office floor after a recent update. The issue was noticed during normal operations.
OP0243,2026-08-05,Security,Accounts are generating unexpected security alerts during the morning. The team says it is affecting productivity.
OP0671,2026-08-05,Security,Multiple accounts show unfamiliar sign-in attempts when workload increases. The team says it is affecting productivity.
OP0512,2026-08-05,Operations,Warehouse records take too long to synchronize during the afternoon. The issue was reported by several employees.
OP0262,2026-08-06,Facilities,Employees cannot reliably access reserved meeting spaces during the morning. The issue became noticeable after a recent change.
OP0789,2026-08-06,DevOps,Release automation is generating repeated errors during the afternoon. Employees say the issue is becoming more frequent.
OP0362,2026-08-06,Customer Support,Customers are reporting repeated payment failures after a recent update. The team has requested investigation.
OP0973,2026-08-06,Communication,Teams are struggling to keep track of project changes during peak usage. The problem is causing delays for routine work.
OP0985,2026-08-06,Facilities,Employees cannot reliably access reserved meeting spaces after a recent update. The issue was noticed during normal operations.
OP0873,2026-08-06,DevOps,Production releases are being delayed by failed deployments during the afternoon. Several users have described similar behavior.
OP0422,2026-08-06,Security,Staff members are receiving repeated unexpected sign-in prompts when workload increases. The problem is still occurring.
OP0999,2026-08-06,Database,Database queries are taking longer than expected when workload increases. Employees say the issue is becoming more frequent.
OP0841,2026-08-06,IT,Remote access to internal systems is unstable during peak usage. Several users have described similar behavior.
OP0303,2026-08-06,Security,Employees are receiving unexpected login notifications near the end of the workday. The problem is causing delays for routine work.
OP0709,2026-08-06,Facilities,Reserved rooms are sometimes occupied by other teams when workload increases. The problem is causing delays for routine work.
OP0431,2026-08-06,Database,Applications intermittently fail when accessing stored data during remote access. Several users have described similar behavior.
OP0320,2026-08-06,DevOps,Deployment jobs are waiting unusually long for resources during the afternoon. The problem is causing delays for routine work.
OP0912,2026-08-06,Product,The new navigation is causing repeated user complaints during the morning. Employees say the issue is becoming more frequent.
OP0153,2026-08-07,Communication,Employees are receiving conflicting instructions after a recent update. The problem has occurred repeatedly this week.
OP0780,2026-08-07,DevOps,Build failures are blocking scheduled releases when workload increases. The issue was reported by several employees.
OP0492,2026-08-07,IT,Employees cannot reliably connect to the corporate network near the end of the workday. The problem is causing delays for routine work.
OP0797,2026-08-07,DevOps,Build failures are blocking scheduled releases during the morning. The team says it is affecting productivity.
OP0166,2026-08-07,IT,Network access becomes slow during peak hours during normal business hours. The team has requested investigation.
OP0579,2026-08-07,DevOps,Release automation is generating repeated errors after a recent update. The issue was reported by several employees.
OP0390,2026-08-07,Database,Application requests experience database timeouts during the morning. The problem has occurred repeatedly this week.
OP0713,2026-08-07,DevOps,Deployment pipeline fails after recent code changes during peak usage. The issue was noticed during normal operations.
OP0762,2026-08-07,Product,Recent UI changes have increased support requests during peak usage. The team says it is affecting productivity.
OP0434,2026-08-07,Facilities,Meeting-space bookings are frequently causing scheduling conflicts during peak usage. The team has requested investigation.
OP0446,2026-08-07,Product,Customers report that important controls are difficult to locate during the afternoon. Several users have described similar behavior.
OP0892,2026-08-07,HR,Internal approval workflows are causing delays after a recent update. The issue became noticeable after a recent change.
OP0146,2026-08-07,Operations,Inventory records are becoming inconsistent across systems during the afternoon. The issue was reported by several employees.
OP0881,2026-08-07,Operations,Warehouse data is arriving later than expected during the afternoon. The problem is causing delays for routine work.
OP0026,2026-08-07,Customer Support,Users are unable to complete transactions after entering payment details during the afternoon. The problem is still occurring.
OP0342,2026-08-07,DevOps,Deployment jobs are waiting unusually long for resources during the morning. The team has requested investigation.
OP0276,2026-08-07,Customer Support,Users cannot reliably complete the checkout process when workload increases. The team says it is affecting productivity.
OP0672,2026-08-07,Operations,Stock information is frequently out of date after a recent update. The issue was reported by several employees.
OP0365,2026-08-08,Security,Several users noticed authentication events they do not recognize when workload increases. The problem has occurred repeatedly this week.
OP0096,2026-08-08,Customer Support,Customers receive errors while completing purchases during the morning. The problem is causing delays for routine work.
OP0539,2026-08-08,Operations,Warehouse records take too long to synchronize during peak usage. The issue became noticeable after a recent change.
OP0232,2026-08-08,DevOps,Build jobs are taking unusually long to complete during the morning. The issue was reported by several employees.
OP0407,2026-08-08,Communication,Employees are receiving conflicting instructions near the end of the workday. The team says it is affecting productivity.
OP0116,2026-08-08,Facilities,Room availability does not match the booking system during remote access. The issue was reported by several employees.
OP0819,2026-08-08,Product,Users are having difficulty completing common tasks after the update during the afternoon. The issue was reported by several employees.
OP0570,2026-08-08,Security,Accounts are generating unexpected security alerts during peak usage. The team has requested investigation.
OP0968,2026-08-08,Product,Customers report that important controls are difficult to locate during normal business hours. The problem is still occurring.
OP0028,2026-08-08,Product,The redesigned interface is increasing task completion time during the afternoon. The team says it is affecting productivity.
OP0383,2026-08-08,Operations,Warehouse data is arriving later than expected when workload increases. The problem is causing delays for routine work.
OP0583,2026-08-08,Database,Several services are losing their database connections after a recent update. The problem has occurred repeatedly this week.
OP0736,2026-08-08,Customer Support,Online payment attempts sometimes fail unexpectedly during remote access. The issue was reported by several employees.
OP0603,2026-08-08,IT,Network access becomes slow during peak hours during peak usage. The issue was noticed during normal operations.
OP0443,2026-08-08,Operations,Inventory records are becoming inconsistent across systems during remote access. Several users have described similar behavior.
OP0722,2026-08-08,Operations,Stock changes are missing from the dashboard during normal business hours. The issue was noticed during normal operations.
OP0132,2026-08-08,DevOps,Release automation is generating repeated errors during the afternoon. The issue was noticed during normal operations.
OP0661,2026-08-08,Database,Database response time becomes slow during peak usage during the morning. The issue became noticeable after a recent change.
OP0558,2026-08-09,DevOps,Deployment pipeline fails after recent code changes during remote access. The team says it is affecting productivity.
OP0035,2026-08-09,Communication,Important decisions are not reaching all team members after a recent update. The issue was noticed during normal operations.
OP0294,2026-08-09,Communication,Teams are missing important project updates during the afternoon. The problem is still occurring.
OP0031,2026-08-09,Operations,Inventory updates are not reflected quickly in the system during remote access. The problem has occurred repeatedly this week.
OP0305,2026-08-09,DevOps,Release automation is generating repeated errors during remote access. The team says it is affecting productivity.
OP0130,2026-08-09,HR,Internal approval workflows are causing delays during the morning. The problem has occurred repeatedly this week.
OP0629,2026-08-09,Facilities,Meeting rooms are unavailable despite being reserved during the morning. The team has requested investigation.
OP0350,2026-08-09,DevOps,Deployment pipeline fails after recent code changes when workload increases. The problem is still occurring.
OP0306,2026-08-09,Facilities,Conference rooms appear double-booked during the afternoon. Employees say the issue is becoming more frequent.
OP0888,2026-08-09,Operations,Inventory quantities differ between operational systems during remote access. The team has requested investigation.
OP0977,2026-08-10,DevOps,Build jobs are taking unusually long to complete after a recent update. The problem is still occurring.
OP0540,2026-08-10,Security,Unusual access attempts have been reported by employees during normal business hours. The issue was noticed during normal operations.
OP0726,2026-08-10,Database,Applications intermittently fail when accessing stored data when workload increases. The team says it is affecting productivity.
OP0513,2026-08-10,Product,Users are having difficulty completing common tasks after the update during peak usage. The issue was reported by several employees.
OP0359,2026-08-10,HR,Requests are moving slowly between approval stages near the end of the workday. The problem is still occurring.
OP0364,2026-08-10,Operations,Stock information is frequently out of date during the afternoon. The team has requested investigation.
OP0388,2026-08-10,Facilities,Conference rooms appear double-booked during the afternoon. The problem is still occurring.
OP0854,2026-08-10,Communication,Teams are struggling to keep track of project changes during the afternoon. The problem is still occurring.
OP0055,2026-08-10,Customer Support,Users cannot reliably complete the checkout process during the morning. The issue was reported by several employees.
OP0198,2026-08-10,Facilities,Conference rooms appear double-booked during the morning. The issue became noticeable after a recent change.
OP0204,2026-08-10,Security,Accounts are generating unexpected security alerts near the end of the workday. The problem is causing delays for routine work.
OP0870,2026-08-10,Facilities,Room availability does not match the booking system near the end of the workday. The issue became noticeable after a recent change.
OP0181,2026-08-10,Product,Users are confused by the latest interface changes during the afternoon. The team has requested investigation.
OP0949,2026-08-10,DevOps,Release automation is generating repeated errors during normal business hours. The team says it is affecting productivity.
OP0657,2026-08-10,DevOps,Build jobs are taking unusually long to complete during normal business hours. The team has requested investigation.
OP0571,2026-08-10,Communication,Teams are struggling to keep track of project changes during peak usage. The problem has occurred repeatedly this week.
OP0325,2026-08-10,DevOps,Production releases are being delayed by failed deployments during the morning. The issue was noticed during normal operations.
OP0343,2026-08-10,Database,Database connections drop during periods of high traffic during the morning. The issue was noticed during normal operations.
OP0923,2026-08-10,Product,Users are confused by the latest interface changes after a recent update. The issue became noticeable after a recent change.
OP0560,2026-08-10,Operations,Inventory updates are not reflected quickly in the system during normal business hours. The team has requested investigation.
OP0755,2026-08-11,Operations,Inventory updates are not reflected quickly in the system when workload increases. The problem is still occurring.
OP0654,2026-08-11,Customer Support,Online payment attempts sometimes fail unexpectedly near the end of the workday. The problem is still occurring.
OP0642,2026-08-11,DevOps,CI jobs are frequently stopping before completion when workload increases. Several users have described similar behavior.
OP0441,2026-08-11,DevOps,Build jobs are taking unusually long to complete during normal business hours. The team says it is affecting productivity.
OP0860,2026-08-11,Communication,Teams are struggling to keep track of project changes during the morning. The issue was noticed during normal operations.
OP0138,2026-08-11,Operations,Inventory quantities differ between operational systems when workload increases. The issue became noticeable after a recent change.
OP0776,2026-08-11,Product,Customers are struggling to find features after the redesign during the morning. The problem is still occurring.
OP0406,2026-08-11,Operations,Stock information is frequently out of date during peak usage. Employees say the issue is becoming more frequent.
OP0349,2026-08-11,Communication,Different departments are working from inconsistent information when workload increases. The team says it is affecting productivity.
OP0519,2026-08-11,Communication,Different departments are working from inconsistent information near the end of the workday. Employees say the issue is becoming more frequent.
OP0093,2026-08-11,Customer Support,Checkout requests occasionally stop responding near the end of the workday. Several users have described similar behavior.
OP0282,2026-08-11,Customer Support,Customers report that the payment page becomes unresponsive during the morning. The issue became noticeable after a recent change.
OP0016,2026-08-11,Facilities,Employees cannot reliably access reserved meeting spaces after a recent update. The problem is causing delays for routine work.
OP0375,2026-08-11,HR,Internal approval workflows are causing delays during peak usage. The team says it is affecting productivity.
OP0529,2026-08-11,IT,VPN connection drops during remote work during the afternoon. The problem is still occurring.
OP0030,2026-08-11,HR,Requests are moving slowly between approval stages during the morning. The problem is causing delays for routine work.
OP0562,2026-08-12,Database,Database queries are taking longer than expected during peak usage. The team says it is affecting productivity.
OP0179,2026-08-12,Security,Several users noticed authentication events they do not recognize during peak usage. The problem has occurred repeatedly this week.
OP0178,2026-08-12,DevOps,CI jobs are frequently stopping before completion near the end of the workday. The problem is still occurring.
OP0697,2026-08-12,Communication,Teams are missing important project updates during peak usage. The team has requested investigation.
OP0409,2026-08-12,Customer Support,Customers receive errors while completing purchases during remote access. The issue was reported by several employees.
OP0195,2026-08-12,Operations,Stock changes are missing from the dashboard during remote access. The team has requested investigation.
OP0304,2026-08-12,Customer Support,Customers are reporting repeated payment failures during peak usage. Employees say the issue is becoming more frequent.
OP0435,2026-08-12,IT,VPN connection drops during remote work during the afternoon. Several users have described similar behavior.
OP0857,2026-08-12,Security,Multiple accounts show unfamiliar sign-in attempts during remote access. The issue was noticed during normal operations.
OP0538,2026-08-12,Security,Accounts are generating unexpected security alerts near the end of the workday. Employees say the issue is becoming more frequent.
OP0765,2026-08-12,Security,Multiple accounts show unfamiliar sign-in attempts near the end of the workday. Several users have described similar behavior.
OP0884,2026-08-12,Database,Database response time becomes slow during peak usage during normal business hours. The team has requested investigation.
OP0851,2026-08-12,HR,Requests are moving slowly between approval stages during the morning. Several users have described similar behavior.
OP0970,2026-08-12,Customer Support,Customers receive errors while completing purchases during normal business hours. The problem has occurred repeatedly this week.
OP0887,2026-08-12,Facilities,Employees cannot reliably access reserved meeting spaces during peak usage. The problem is still occurring.
OP0286,2026-08-12,Customer Support,Customers are reporting repeated payment failures after a recent update. The problem is still occurring.
OP0069,2026-08-13,HR,Internal approval workflows are causing delays after a recent update. Several users have described similar behavior.
OP0302,2026-08-13,Security,Users report suspicious authentication activity near the end of the workday. The issue became noticeable after a recent change.
OP0975,2026-08-13,Operations,Warehouse data is arriving later than expected during peak usage. The team says it is affecting productivity.
OP0820,2026-08-13,Product,Users are having difficulty completing common tasks after the update during normal business hours. The issue was noticed during normal operations.
OP0690,2026-08-13,Security,Several users noticed authentication events they do not recognize during the afternoon. The issue became noticeable after a recent change.
OP0688,2026-08-13,Security,Unusual access attempts have been reported by employees during peak usage. The issue was noticed during normal operations.
OP0948,2026-08-13,Database,Database response time becomes slow during peak usage near the end of the workday. The problem has occurred repeatedly this week.
OP0600,2026-08-13,Communication,Project information is scattered across multiple channels during normal business hours. Employees say the issue is becoming more frequent.
OP0386,2026-08-13,Facilities,Room availability does not match the booking system after a recent update. The team has requested investigation.
OP0299,2026-08-13,HR,Employee approval requests remain pending for several days during the afternoon. The team has requested investigation.
OP0808,2026-08-13,Product,The redesigned interface is increasing task completion time after a recent update. Employees say the issue is becoming more frequent.
OP0760,2026-08-13,IT,Internal applications become unreachable from remote locations after a recent update. Employees say the issue is becoming more frequent.
OP0140,2026-08-13,Database,Applications intermittently fail when accessing stored data near the end of the workday. The team has requested investigation.
OP0961,2026-08-13,Customer Support,Users cannot reliably complete the checkout process during normal business hours. Several users have described similar behavior.
OP0311,2026-08-13,Product,The redesigned interface is increasing task completion time during the morning. The problem is causing delays for routine work.
OP0518,2026-08-13,DevOps,CI jobs are frequently stopping before completion during the afternoon. The issue was noticed during normal operations.
OP0971,2026-08-14,Customer Support,Online payment attempts sometimes fail unexpectedly when workload increases. The problem is still occurring.
OP0461,2026-08-14,Facilities,Meeting rooms are unavailable despite being reserved during peak usage. The problem is causing delays for routine work.
OP0993,2026-08-14,Customer Support,Customers report that the payment page becomes unresponsive during peak usage. The issue was reported by several employees.
OP0877,2026-08-14,Product,Users are confused by the latest interface changes after a recent update. Several users have described similar behavior.
OP0064,2026-08-14,Database,Database queries are taking longer than expected during peak usage. Several users have described similar behavior.
OP0938,2026-08-14,Customer Support,Customers are reporting repeated payment failures during remote access. The problem is causing delays for routine work.
OP0616,2026-08-14,DevOps,Build jobs are taking unusually long to complete near the end of the workday. The problem has occurred repeatedly this week.
OP0559,2026-08-14,Security,Staff members are receiving repeated unexpected sign-in prompts during normal business hours. The issue was noticed during normal operations.
OP0919,2026-08-14,Facilities,Conference rooms appear double-booked near the end of the workday. The team has requested investigation.
OP0133,2026-08-14,Communication,Different departments are working from inconsistent information during the morning. The problem has occurred repeatedly this week.
OP0990,2026-08-14,Facilities,Teams are reporting repeated meeting-room conflicts when workload increases. The problem is causing delays for routine work.
OP0719,2026-08-14,IT,Remote access to internal systems is unstable during the afternoon. The problem has occurred repeatedly this week.
OP0387,2026-08-14,Communication,Project information is scattered across multiple channels during remote access. The problem is still occurring.
OP0556,2026-08-14,Security,Staff members are receiving repeated unexpected sign-in prompts during peak usage. The team has requested investigation.
OP0082,2026-08-14,Operations,Stock information is frequently out of date during normal business hours. The issue was noticed during normal operations.
OP0569,2026-08-14,Communication,Important decisions are not reaching all team members during the afternoon. Employees say the issue is becoming more frequent.
OP0903,2026-08-15,Customer Support,Customers receive errors while completing purchases near the end of the workday. The issue was noticed during normal operations.
OP0208,2026-08-15,Security,Accounts are generating unexpected security alerts when workload increases. The issue was reported by several employees.
OP0896,2026-08-15,Communication,Teams are struggling to keep track of project changes during normal business hours. The team says it is affecting productivity.
OP0076,2026-08-15,IT,Employees cannot reliably connect to the corporate network during the morning. The problem is still occurring.
OP0345,2026-08-15,IT,Employees experience repeated network timeouts when workload increases. The issue was noticed during normal operations.
OP0682,2026-08-15,IT,Employees experience repeated network timeouts near the end of the workday. The issue was noticed during normal operations.
OP0761,2026-08-15,Database,Database performance has degraded under heavier workloads during normal business hours. The problem is causing delays for routine work.
OP0683,2026-08-15,HR,Leave requests are taking too long to get approved during remote access. The issue was noticed during normal operations.
OP0077,2026-08-15,Database,Database performance has degraded under heavier workloads during the afternoon. The issue was noticed during normal operations.
OP0575,2026-08-15,HR,Internal approval workflows are causing delays during the morning. The team has requested investigation.
OP0791,2026-08-15,Communication,Project information is scattered across multiple channels after a recent update. Several users have described similar behavior.
OP0505,2026-08-15,Database,Database queries are taking longer than expected when workload increases. The problem is causing delays for routine work.
OP0550,2026-08-16,Product,The redesigned interface is increasing task completion time during the morning. The issue became noticeable after a recent change.
OP0400,2026-08-16,IT,Network access becomes slow during peak hours after a recent update. The issue was reported by several employees.
OP0283,2026-08-16,HR,Routine employee requests require excessive approval time during normal business hours. Employees say the issue is becoming more frequent.
OP0567,2026-08-16,DevOps,Release automation is generating repeated errors during peak usage. The problem has occurred repeatedly this week.
OP0822,2026-08-16,Security,Unusual access attempts have been reported by employees during normal business hours. Employees say the issue is becoming more frequent.
OP0604,2026-08-16,HR,Routine employee requests require excessive approval time during the afternoon. Several users have described similar behavior.
OP0399,2026-08-16,Customer Support,Customers are reporting repeated payment failures near the end of the workday. The problem is still occurring.
OP0959,2026-08-16,Facilities,Teams are reporting repeated meeting-room conflicts during remote access. The problem has occurred repeatedly this week.
OP0301,2026-08-16,Operations,Inventory quantities differ between operational systems during peak usage. The problem is causing delays for routine work.
OP0784,2026-08-16,Communication,Teams are struggling to keep track of project changes during the afternoon. The team says it is affecting productivity.
OP0631,2026-08-17,Product,The redesigned interface is increasing task completion time during peak usage. Several users have described similar behavior.
OP0013,2026-08-17,Customer Support,Customers receive errors while completing purchases during peak usage. The problem is still occurring.
OP0643,2026-08-17,DevOps,Release automation is generating repeated errors during the morning. The team has requested investigation.
OP0846,2026-08-17,Communication,Different departments are working from inconsistent information after a recent update. The team has requested investigation.
OP0029,2026-08-17,Product,Users are having difficulty completing common tasks after the update during peak usage. The issue was noticed during normal operations.
OP0716,2026-08-17,Facilities,Conference rooms appear double-booked near the end of the workday. The problem is still occurring.
OP0651,2026-08-17,Database,Applications intermittently fail when accessing stored data near the end of the workday. The problem is causing delays for routine work.
OP0074,2026-08-17,DevOps,Deployment jobs are waiting unusually long for resources during the morning. The team says it is affecting productivity.
OP0500,2026-08-17,IT,Remote access to internal systems is unstable during normal business hours. The problem is causing delays for routine work.
OP0490,2026-08-17,Operations,Inventory records are becoming inconsistent across systems after a recent update. The problem is still occurring.
OP0506,2026-08-17,Customer Support,Users are unable to complete transactions after entering payment details during the afternoon. The issue became noticeable after a recent change.
OP0260,2026-08-17,DevOps,Deployment pipeline fails after recent code changes during the afternoon. The issue became noticeable after a recent change.
OP0270,2026-08-17,Facilities,Room availability does not match the booking system during peak usage. The problem is still occurring.
OP0295,2026-08-17,Operations,Inventory quantities differ between operational systems during the morning. The issue was reported by several employees.
OP0253,2026-08-18,HR,Internal approval workflows are causing delays during remote access. Employees say the issue is becoming more frequent.
OP0475,2026-08-18,Product,The new navigation is causing repeated user complaints during remote access. The issue was reported by several employees.
OP0849,2026-08-18,HR,Managers report a growing backlog of pending requests during the afternoon. The problem is causing delays for routine work.
OP0901,2026-08-18,Communication,Teams are struggling to keep track of project changes during peak usage. Employees say the issue is becoming more frequent.
OP0493,2026-08-18,HR,Leave requests are taking too long to get approved after a recent update. The problem is still occurring.
OP0012,2026-08-18,Customer Support,Customers report that the payment page becomes unresponsive during the afternoon. The issue was noticed during normal operations.
OP0269,2026-08-18,IT,VPN connection drops during remote work after a recent update. The problem is causing delays for routine work.
OP0542,2026-08-18,Communication,Different departments are working from inconsistent information during remote access. The issue was noticed during normal operations.
OP0009,2026-08-18,IT,Wi-Fi connectivity is inconsistent on the office floor during the afternoon. The team has requested investigation.
OP0612,2026-08-18,Security,Users report suspicious authentication activity during peak usage. Several users have described similar behavior.
OP0460,2026-08-18,Facilities,Employees cannot reliably access reserved meeting spaces during normal business hours. The issue became noticeable after a recent change.
OP0759,2026-08-19,Customer Support,Online payment attempts sometimes fail unexpectedly near the end of the workday. The issue became noticeable after a recent change.
OP0524,2026-08-19,Customer Support,Users cannot reliably complete the checkout process during peak usage. The issue became noticeable after a recent change.
OP0516,2026-08-19,Facilities,Reserved rooms are sometimes occupied by other teams during remote access. The problem is causing delays for routine work.
OP0677,2026-08-19,Operations,Warehouse records take too long to synchronize during remote access. Employees say the issue is becoming more frequent.
OP0565,2026-08-19,Communication,Project information is scattered across multiple channels near the end of the workday. The team has requested investigation.
OP0215,2026-08-19,Customer Support,Customers receive errors while completing purchases after a recent update. Several users have described similar behavior.
OP0479,2026-08-19,Product,The new navigation is causing repeated user complaints during peak usage. The issue became noticeable after a recent change.
OP0568,2026-08-19,Customer Support,Customers are reporting repeated payment failures during remote access. The team has requested investigation.
OP0576,2026-08-19,IT,Network access becomes slow during peak hours after a recent update. The team says it is affecting productivity.
OP0530,2026-08-19,Facilities,Meeting rooms are unavailable despite being reserved near the end of the workday. Several users have described similar behavior.
OP0347,2026-08-19,Security,Staff members are receiving repeated unexpected sign-in prompts during normal business hours. The issue became noticeable after a recent change.
OP0997,2026-08-19,Facilities,Room availability does not match the booking system during peak usage. The issue was noticed during normal operations.
OP0356,2026-08-19,DevOps,Build jobs are taking unusually long to complete during remote access. The problem is still occurring.
OP0336,2026-08-19,Product,Users are having difficulty completing common tasks after the update during the morning. The problem is causing delays for routine work.
OP0324,2026-08-19,Facilities,Teams are reporting repeated meeting-room conflicts after a recent update. The problem is still occurring.
OP0875,2026-08-20,HR,Requests are moving slowly between approval stages during peak usage. The issue was noticed during normal operations.
OP0714,2026-08-20,DevOps,CI jobs are frequently stopping before completion when workload increases. The problem has occurred repeatedly this week.
OP0627,2026-08-20,Database,Applications intermittently fail when accessing stored data during remote access. The team says it is affecting productivity.
OP0978,2026-08-20,Security,Several users noticed authentication events they do not recognize when workload increases. Several users have described similar behavior.
OP0537,2026-08-20,DevOps,Build jobs are taking unusually long to complete during the morning. Several users have described similar behavior.
OP0669,2026-08-20,Operations,Inventory updates are not reflected quickly in the system near the end of the workday. The team says it is affecting productivity.
OP0955,2026-08-20,HR,Routine employee requests require excessive approval time when workload increases. The problem is causing delays for routine work.
OP0514,2026-08-20,IT,Remote access to internal systems is unstable during peak usage. Employees say the issue is becoming more frequent.
OP0592,2026-08-20,Database,Application requests experience database timeouts after a recent update. The problem is still occurring.
OP0394,2026-08-20,Customer Support,Customers receive errors while completing purchases during the afternoon. The issue was reported by several employees.
OP0826,2026-08-20,Communication,Project information is scattered across multiple channels during the afternoon. The issue was noticed during normal operations.
OP0456,2026-08-20,Operations,Warehouse data is arriving later than expected during the morning. Several users have described similar behavior.
OP0423,2026-08-20,DevOps,Release automation is generating repeated errors near the end of the workday. The problem is causing delays for routine work.
OP0893,2026-08-20,HR,Employees are waiting too long for administrative approvals during the afternoon. The problem is causing delays for routine work.
OP0279,2026-08-20,Product,The redesigned interface is increasing task completion time during the afternoon. The problem is still occurring.
OP0285,2026-08-20,Communication,Important decisions are not reaching all team members during the afternoon. The problem is causing delays for routine work.
OP0662,2026-08-21,Customer Support,Users are unable to complete transactions after entering payment details during the morning. The team says it is affecting productivity.
OP0180,2026-08-21,Facilities,Reserved rooms are sometimes occupied by other teams when workload increases. The team has requested investigation.
OP0353,2026-08-21,Customer Support,Customers are reporting repeated payment failures during the afternoon. The issue was reported by several employees.
OP0563,2026-08-21,Product,The new navigation is causing repeated user complaints after a recent update. The team has requested investigation.
OP0641,2026-08-21,IT,Remote access to internal systems is unstable during the morning. The issue was noticed during normal operations.
OP0757,2026-08-21,Product,The redesigned interface is increasing task completion time during the morning. The issue was noticed during normal operations.
OP0774,2026-08-21,HR,Requests are moving slowly between approval stages near the end of the workday. The issue became noticeable after a recent change.
OP0963,2026-08-21,Facilities,Reserved rooms are sometimes occupied by other teams during remote access. The problem is still occurring.
OP0058,2026-08-21,DevOps,Release automation is generating repeated errors after a recent update. The problem has occurred repeatedly this week.
OP0017,2026-08-21,IT,Remote access to internal systems is unstable during remote access. The issue was reported by several employees.
OP0594,2026-08-21,Facilities,Room availability does not match the booking system during the afternoon. The problem has occurred repeatedly this week.
OP0103,2026-08-21,Communication,Project information is scattered across multiple channels during normal business hours. The issue became noticeable after a recent change.
OP0833,2026-08-22,Operations,Inventory records are becoming inconsistent across systems during peak usage. The team says it is affecting productivity.
OP0979,2026-08-22,Customer Support,Customers receive errors while completing purchases during normal business hours. The problem is still occurring.
OP0869,2026-08-22,DevOps,Release automation is generating repeated errors when workload increases. The issue was noticed during normal operations.
OP0256,2026-08-22,Database,Several services are losing their database connections after a recent update. The team has requested investigation.
OP0908,2026-08-22,Operations,Inventory quantities differ between operational systems during peak usage. The issue was noticed during normal operations.
OP0701,2026-08-22,Facilities,Room availability does not match the booking system during peak usage. The issue became noticeable after a recent change.
OP0473,2026-08-22,Customer Support,Users cannot reliably complete the checkout process after a recent update. The problem is causing delays for routine work.
OP0370,2026-08-22,Customer Support,Customers receive errors while completing purchases near the end of the workday. The team has requested investigation.
OP0183,2026-08-22,IT,Wi-Fi connectivity is inconsistent on the office floor during normal business hours. The problem is causing delays for routine work.
OP0614,2026-08-22,Operations,Warehouse records take too long to synchronize during peak usage. The issue was noticed during normal operations.
OP0231,2026-08-22,DevOps,Deployment jobs are waiting unusually long for resources when workload increases. The team has requested investigation.
OP0448,2026-08-23,Operations,Stock information is frequently out of date during remote access. The team has requested investigation.
OP0192,2026-08-23,HR,Routine employee requests require excessive approval time when workload increases. The problem has occurred repeatedly this week.
OP0557,2026-08-23,IT,Network access becomes slow during peak hours when workload increases. The problem has occurred repeatedly this week.
OP0674,2026-08-23,DevOps,Production releases are being delayed by failed deployments during peak usage. The issue became noticeable after a recent change.
OP0573,2026-08-23,Security,Several users noticed authentication events they do not recognize near the end of the workday. The team says it is affecting productivity.
OP0257,2026-08-23,Security,Accounts are generating unexpected security alerts near the end of the workday. The team has requested investigation.
OP0102,2026-08-23,Communication,Different departments are working from inconsistent information during normal business hours. The problem has occurred repeatedly this week.
OP0190,2026-08-23,HR,Employees are waiting too long for administrative approvals when workload increases. Several users have described similar behavior.
OP0114,2026-08-23,Operations,Inventory quantities differ between operational systems after a recent update. The issue was reported by several employees.
OP0593,2026-08-23,Operations,Stock information is frequently out of date when workload increases. Employees say the issue is becoming more frequent.
OP0123,2026-08-23,Security,Users report suspicious authentication activity when workload increases. The issue became noticeable after a recent change.
OP0246,2026-08-23,HR,Internal approval workflows are causing delays during peak usage. The issue was reported by several employees.
OP0534,2026-08-23,DevOps,Build jobs are taking unusually long to complete when workload increases. The issue became noticeable after a recent change.
OP0281,2026-08-23,Security,Unusual access attempts have been reported by employees near the end of the workday. The issue became noticeable after a recent change.
OP0214,2026-08-24,Operations,Warehouse records take too long to synchronize when workload increases. Employees say the issue is becoming more frequent.
OP0162,2026-08-24,Facilities,Room availability does not match the booking system when workload increases. The team has requested investigation.
OP0474,2026-08-24,Customer Support,Online payment attempts sometimes fail unexpectedly during peak usage. The issue was reported by several employees.
OP0148,2026-08-24,Security,Staff members are receiving repeated unexpected sign-in prompts during remote access. The problem is causing delays for routine work.
OP0265,2026-08-24,DevOps,Build failures are blocking scheduled releases after a recent update. Several users have described similar behavior.
OP0440,2026-08-24,Database,Application requests experience database timeouts near the end of the workday. Employees say the issue is becoming more frequent.
OP0053,2026-08-24,Facilities,Employees cannot reliably access reserved meeting spaces when workload increases. The team has requested investigation.
OP0104,2026-08-24,Database,Application requests experience database timeouts during the afternoon. The issue was reported by several employees.
OP0606,2026-08-24,Facilities,Reserved rooms are sometimes occupied by other teams after a recent update. Several users have described similar behavior.
OP0998,2026-08-24,Facilities,Conference rooms appear double-booked during the afternoon. Several users have described similar behavior.
OP0002,2026-08-24,HR,Managers report a growing backlog of pending requests during the afternoon. The problem has occurred repeatedly this week.
OP0625,2026-08-24,Customer Support,Customers are reporting repeated payment failures near the end of the workday. The problem is causing delays for routine work.
OP0333,2026-08-24,Communication,Project information is scattered across multiple channels when workload increases. The team says it is affecting productivity.
OP0924,2026-08-24,Facilities,Employees cannot reliably access reserved meeting spaces during peak usage. The problem has occurred repeatedly this week.
OP0750,2026-08-24,Customer Support,Checkout requests occasionally stop responding when workload increases. Several users have described similar behavior.
OP0044,2026-08-24,DevOps,Deployment jobs are waiting unusually long for resources during remote access. The issue became noticeable after a recent change.
OP0920,2026-08-24,Communication,Different departments are working from inconsistent information during the afternoon. Employees say the issue is becoming more frequent.
OP0352,2026-08-25,Security,Staff members are receiving repeated unexpected sign-in prompts during remote access. The issue was reported by several employees.
OP0781,2026-08-25,Operations,Warehouse data is arriving later than expected during remote access. The problem is causing delays for routine work.
OP0521,2026-08-25,Database,Database response time becomes slow during peak usage near the end of the workday. The problem is causing delays for routine work.
OP0136,2026-08-25,Facilities,Employees cannot reliably access reserved meeting spaces during peak usage. The team has requested investigation.
OP0809,2026-08-25,Product,Users are having difficulty completing common tasks after the update during the afternoon. Employees say the issue is becoming more frequent.
OP0277,2026-08-25,Security,Employees are receiving unexpected login notifications during normal business hours. The issue was reported by several employees.
OP0628,2026-08-25,Communication,Project updates are arriving too late for affected teams when workload increases. The problem has occurred repeatedly this week.
OP0725,2026-08-25,HR,Employee approval requests remain pending for several days during the afternoon. The issue became noticeable after a recent change.
OP0917,2026-08-25,DevOps,CI jobs are frequently stopping before completion during the morning. The team says it is affecting productivity.
OP0691,2026-08-25,Customer Support,Online payment attempts sometimes fail unexpectedly during peak usage. The team says it is affecting productivity.
OP0091,2026-08-25,Product,Customers report that important controls are difficult to locate during remote access. The issue was noticed during normal operations.
OP0087,2026-08-25,Communication,Employees are receiving conflicting instructions during the afternoon. The issue was reported by several employees.
OP0284,2026-08-25,DevOps,CI jobs are frequently stopping before completion after a recent update. The problem has occurred repeatedly this week.
OP0348,2026-08-25,DevOps,Deployment jobs are waiting unusually long for resources during the afternoon. The issue became noticeable after a recent change.
OP0272,2026-08-26,Customer Support,Customers receive errors while completing purchases during normal business hours. The issue became noticeable after a recent change.
OP0314,2026-08-26,IT,Network access becomes slow during peak hours after a recent update. The problem is still occurring.
OP0351,2026-08-26,Operations,Stock changes are missing from the dashboard during peak usage. The issue became noticeable after a recent change.
OP0991,2026-08-26,Operations,Stock changes are missing from the dashboard during the afternoon. The issue was noticed during normal operations.
OP0220,2026-08-26,DevOps,Deployment jobs are waiting unusually long for resources when workload increases. The issue was reported by several employees.
OP0106,2026-08-26,HR,Routine employee requests require excessive approval time during remote access. The team has requested investigation.
OP0425,2026-08-26,Customer Support,Customers are reporting repeated payment failures during remote access. The problem has occurred repeatedly this week.
OP0313,2026-08-26,HR,Leave requests are taking too long to get approved during peak usage. Employees say the issue is becoming more frequent.
OP0385,2026-08-26,DevOps,Deployment jobs are waiting unusually long for resources during peak usage. The issue was reported by several employees.
OP0292,2026-08-26,Communication,Employees are receiving conflicting instructions during peak usage. The problem is still occurring.
OP0206,2026-08-26,DevOps,CI jobs are frequently stopping before completion during the afternoon. The problem has occurred repeatedly this week.
OP0806,2026-08-26,Operations,Inventory quantities differ between operational systems near the end of the workday. The problem has occurred repeatedly this week.
OP0251,2026-08-26,Facilities,Room availability does not match the booking system during normal business hours. The problem has occurred repeatedly this week.
OP0545,2026-08-26,IT,Wi-Fi connectivity is inconsistent on the office floor after a recent update. The team has requested investigation.
OP0717,2026-08-26,HR,Employees are waiting too long for administrative approvals when workload increases. The issue was reported by several employees.
OP0739,2026-08-26,Facilities,Teams are reporting repeated meeting-room conflicts after a recent update. The problem has occurred repeatedly this week.
OP0171,2026-08-26,HR,Routine employee requests require excessive approval time when workload increases. Several users have described similar behavior.
OP0139,2026-08-27,Database,Applications intermittently fail when accessing stored data when workload increases. The problem has occurred repeatedly this week.
OP0828,2026-08-27,Facilities,Meeting rooms are unavailable despite being reserved during the afternoon. Employees say the issue is becoming more frequent.
OP0527,2026-08-27,HR,Employee approval requests remain pending for several days near the end of the workday. The team says it is affecting productivity.
OP0555,2026-08-27,Product,Users are having difficulty completing common tasks after the update after a recent update. Employees say the issue is becoming more frequent.
OP0468,2026-08-27,Database,Database connections drop during periods of high traffic during the morning. The problem has occurred repeatedly this week.
OP0389,2026-08-27,Database,Several services are losing their database connections when workload increases. The problem has occurred repeatedly this week.
OP0247,2026-08-27,Product,Users are confused by the latest interface changes during normal business hours. The problem has occurred repeatedly this week.
OP0321,2026-08-27,DevOps,Build failures are blocking scheduled releases when workload increases. The team says it is affecting productivity.
OP0248,2026-08-27,Security,Unusual access attempts have been reported by employees during the afternoon. Employees say the issue is becoming more frequent.
OP0698,2026-08-27,HR,Managers report a growing backlog of pending requests during remote access. The problem has occurred repeatedly this week.
OP0357,2026-08-27,Communication,Teams are missing important project updates during peak usage. Employees say the issue is becoming more frequent.
OP0974,2026-08-27,Security,Users report suspicious authentication activity during normal business hours. The problem is causing delays for routine work.
OP0465,2026-08-28,Facilities,Meeting-space bookings are frequently causing scheduling conflicts after a recent update. The issue was noticed during normal operations.
OP0167,2026-08-28,IT,Remote access to internal systems is unstable when workload increases. Several users have described similar behavior.
OP0105,2026-08-28,IT,Internal applications become unreachable from remote locations during the afternoon. The issue was noticed during normal operations.
OP0495,2026-08-28,Security,Users report suspicious authentication activity during normal business hours. The team has requested investigation.
OP0939,2026-08-28,Customer Support,Users cannot reliably complete the checkout process after a recent update. Employees say the issue is becoming more frequent.
OP0122,2026-08-28,Customer Support,Customers receive errors while completing purchases after a recent update. The problem is still occurring.
OP0239,2026-08-28,Facilities,Employees cannot reliably access reserved meeting spaces during the afternoon. The issue was noticed during normal operations.
OP0062,2026-08-28,Security,Accounts are generating unexpected security alerts during the morning. The problem has occurred repeatedly this week.
OP0384,2026-08-28,Operations,Stock information is frequently out of date when workload increases. The issue became noticeable after a recent change.
OP0602,2026-08-28,DevOps,Build failures are blocking scheduled releases during normal business hours. The team says it is affecting productivity.
OP0196,2026-08-28,Product,The redesigned interface is increasing task completion time near the end of the workday. The problem is causing delays for routine work.
OP0536,2026-08-28,Database,Database performance has degraded under heavier workloads after a recent update. The team has requested investigation.
OP0815,2026-08-28,Facilities,Room availability does not match the booking system during the afternoon. The issue was noticed during normal operations.
OP0821,2026-08-28,Security,Accounts are generating unexpected security alerts after a recent update. The issue was reported by several employees.
OP0595,2026-08-28,Product,Customers report that important controls are difficult to locate during remote access. Several users have described similar behavior.
OP0944,2026-08-28,Operations,Inventory records are becoming inconsistent across systems during remote access. The issue was noticed during normal operations.
OP0211,2026-08-29,Operations,Stock changes are missing from the dashboard after a recent update. The team says it is affecting productivity.
OP0119,2026-08-29,Facilities,Employees cannot reliably access reserved meeting spaces during peak usage. The issue became noticeable after a recent change.
OP0987,2026-08-29,Security,Accounts are generating unexpected security alerts during normal business hours. The problem is still occurring.
OP0128,2026-08-29,Operations,Warehouse data is arriving later than expected after a recent update. The problem has occurred repeatedly this week.
OP0212,2026-08-29,Customer Support,Customers receive errors while completing purchases during the morning. Several users have described similar behavior.
OP0296,2026-08-29,Customer Support,Customers report that the payment page becomes unresponsive near the end of the workday. The problem has occurred repeatedly this week.
OP0015,2026-08-29,Product,Customers report that important controls are difficult to locate during peak usage. The issue was noticed during normal operations.
OP0487,2026-08-29,Product,Recent UI changes have increased support requests near the end of the workday. Several users have described similar behavior.
OP0225,2026-08-29,Customer Support,Customers are reporting repeated payment failures during the afternoon. The problem is still occurring.
OP0766,2026-08-29,Security,Users report suspicious authentication activity when workload increases. Employees say the issue is becoming more frequent.
OP0316,2026-08-29,Security,Several users noticed authentication events they do not recognize during normal business hours. Employees say the issue is becoming more frequent.
OP0368,2026-08-29,Operations,Inventory updates are not reflected quickly in the system during remote access. The problem is still occurring.
OP0097,2026-08-29,Customer Support,Users cannot reliably complete the checkout process during remote access. The issue became noticeable after a recent change.
OP0101,2026-08-30,HR,Employee approval requests remain pending for several days after a recent update. The issue was reported by several employees.
OP0874,2026-08-30,Operations,Inventory quantities differ between operational systems during the morning. The issue became noticeable after a recent change.
OP0429,2026-08-30,IT,VPN connection drops during remote work during remote access. The issue became noticeable after a recent change.
OP0679,2026-08-30,IT,Employees experience repeated network timeouts during the morning. Several users have described similar behavior.
OP0899,2026-08-30,Product,The redesigned interface is increasing task completion time near the end of the workday. The problem is still occurring.
OP0982,2026-08-30,Facilities,Meeting rooms are unavailable despite being reserved during the afternoon. The problem has occurred repeatedly this week.
OP0735,2026-08-30,Facilities,Employees cannot reliably access reserved meeting spaces during the morning. The issue was noticed during normal operations.
OP0327,2026-08-30,IT,Employees cannot reliably connect to the corporate network during peak usage. The team has requested investigation.
OP0767,2026-08-30,DevOps,CI jobs are frequently stopping before completion during the afternoon. The issue was reported by several employees.
OP0202,2026-08-30,HR,Employees are waiting too long for administrative approvals during the afternoon. The team says it is affecting productivity.
OP0250,2026-08-31,Customer Support,Customers receive errors while completing purchases during the morning. The issue was reported by several employees.
OP0483,2026-08-31,Communication,Project updates are arriving too late for affected teams after a recent update. The problem is causing delays for routine work.
OP0430,2026-08-31,Product,Customers are struggling to find features after the redesign during normal business hours. The issue became noticeable after a recent change.
OP0224,2026-08-31,Product,Recent UI changes have increased support requests when workload increases. The team says it is affecting productivity.
OP0907,2026-08-31,Database,Several services are losing their database connections during the afternoon. The problem is still occurring.
OP0419,2026-08-31,Security,Unusual access attempts have been reported by employees when workload increases. The problem is still occurring.
OP0157,2026-08-31,IT,Internal applications become unreachable from remote locations during normal business hours. Several users have described similar behavior.
OP0177,2026-09-01,Operations,Warehouse records take too long to synchronize near the end of the workday. The team says it is affecting productivity.
OP0853,2026-09-01,Security,Unusual access attempts have been reported by employees when workload increases. The issue was reported by several employees.
OP0954,2026-09-01,Communication,Employees are receiving conflicting instructions when workload increases. The team has requested investigation.
OP0421,2026-09-01,Customer Support,Users are unable to complete transactions after entering payment details after a recent update. Several users have described similar behavior.
OP0862,2026-09-01,Product,The redesigned interface is increasing task completion time during normal business hours. The problem is still occurring.
OP0145,2026-09-01,Product,The redesigned interface is increasing task completion time during normal business hours. The issue was noticed during normal operations.
OP0577,2026-09-01,Product,Users are having difficulty completing common tasks after the update near the end of the workday. The team has requested investigation.
OP0186,2026-09-01,Product,Customers are struggling to find features after the redesign during normal business hours. Several users have described similar behavior.
OP0649,2026-09-01,Database,Database queries are taking longer than expected near the end of the workday. The issue was noticed during normal operations.
OP0144,2026-09-01,Database,Database connections drop during periods of high traffic near the end of the workday. The issue was noticed during normal operations.
OP0117,2026-09-01,Facilities,Meeting-space bookings are frequently causing scheduling conflicts after a recent update. The issue became noticeable after a recent change.
OP0541,2026-09-01,HR,Employees are waiting too long for administrative approvals when workload increases. The problem is still occurring.
OP0141,2026-09-01,IT,Network access becomes slow during peak hours during peak usage. The problem is still occurring.
OP0520,2026-09-01,IT,Wi-Fi connectivity is inconsistent on the office floor during normal business hours. Several users have described similar behavior.
OP0501,2026-09-01,IT,Internal applications become unreachable from remote locations during normal business hours. Employees say the issue is becoming more frequent.
OP0770,2026-09-01,HR,Internal approval workflows are causing delays during the afternoon. The team says it is affecting productivity.
OP0159,2026-09-01,Operations,Inventory updates are not reflected quickly in the system near the end of the workday. The problem has occurred repeatedly this week.
OP0732,2026-09-01,Security,Staff members are receiving repeated unexpected sign-in prompts near the end of the workday. Several users have described similar behavior.
OP0273,2026-09-01,Security,Staff members are receiving repeated unexpected sign-in prompts when workload increases. The problem has occurred repeatedly this week.
OP0598,2026-09-02,Facilities,Conference rooms appear double-booked after a recent update. The issue became noticeable after a recent change.
OP0184,2026-09-02,IT,Remote access to internal systems is unstable during remote access. The problem is causing delays for routine work.
OP0393,2026-09-02,HR,Employees are waiting too long for administrative approvals during normal business hours. The problem is causing delays for routine work.
OP0396,2026-09-02,Security,Employees are receiving unexpected login notifications when workload increases. The issue was reported by several employees.
OP0510,2026-09-02,IT,Wi-Fi connectivity is inconsistent on the office floor during the afternoon. The team says it is affecting productivity.
OP0218,2026-09-02,Facilities,Employees cannot reliably access reserved meeting spaces during the morning. The issue was reported by several employees.
OP0817,2026-09-02,Operations,Inventory quantities differ between operational systems during the afternoon. The problem is still occurring.
OP0635,2026-09-02,Operations,Stock changes are missing from the dashboard during the morning. The problem is still occurring.
OP0829,2026-09-02,Operations,Warehouse data is arriving later than expected during peak usage. Employees say the issue is becoming more frequent.
OP0619,2026-09-02,Facilities,Employees cannot reliably access reserved meeting spaces after a recent update. The issue was reported by several employees.
OP0634,2026-09-02,DevOps,Production releases are being delayed by failed deployments during the afternoon. Employees say the issue is becoming more frequent.
OP0758,2026-09-02,Security,Several users noticed authentication events they do not recognize during the morning. The team says it is affecting productivity.
OP0546,2026-09-02,Customer Support,Users are unable to complete transactions after entering payment details near the end of the workday. The problem has occurred repeatedly this week.
OP0298,2026-09-03,Database,Database response time becomes slow during peak usage during normal business hours. Employees say the issue is becoming more frequent.
OP0640,2026-09-03,DevOps,Release automation is generating repeated errors during the afternoon. The problem is still occurring.
OP0056,2026-09-03,IT,VPN connection drops during remote work during normal business hours. Employees say the issue is becoming more frequent.
OP0401,2026-09-03,Product,Recent UI changes have increased support requests near the end of the workday. The problem has occurred repeatedly this week.
OP0278,2026-09-03,HR,Leave requests are taking too long to get approved after a recent update. The issue became noticeable after a recent change.
OP0134,2026-09-03,Product,The new navigation is causing repeated user complaints during the afternoon. The problem is still occurring.
OP0624,2026-09-03,Database,Database connections drop during periods of high traffic near the end of the workday. The issue was reported by several employees.
OP0855,2026-09-03,Product,Customers are struggling to find features after the redesign during the afternoon. The team says it is affecting productivity.
OP0415,2026-09-03,Facilities,Reserved rooms are sometimes occupied by other teams near the end of the workday. The issue was noticed during normal operations.
OP0872,2026-09-03,Communication,Teams are missing important project updates during remote access. The problem has occurred repeatedly this week.
OP0941,2026-09-03,Facilities,Teams are reporting repeated meeting-room conflicts during the afternoon. The problem has occurred repeatedly this week.
OP0378,2026-09-03,Customer Support,Checkout requests occasionally stop responding during the afternoon. The problem is causing delays for routine work.
OP0832,2026-09-03,DevOps,CI jobs are frequently stopping before completion during remote access. Employees say the issue is becoming more frequent.
OP0904,2026-09-03,Security,Staff members are receiving repeated unexpected sign-in prompts during the morning. The team has requested investigation.
OP0652,2026-09-03,Operations,Warehouse data is arriving later than expected during the afternoon. The problem has occurred repeatedly this week.
OP0254,2026-09-03,Communication,Teams are struggling to keep track of project changes during normal business hours. Several users have described similar behavior.
OP0040,2026-09-04,IT,Employees experience repeated network timeouts during the afternoon. The problem is still occurring.
OP0191,2026-09-04,Product,Customers are struggling to find features after the redesign after a recent update. The issue became noticeable after a recent change.
OP0404,2026-09-04,Security,Accounts are generating unexpected security alerts after a recent update. The team says it is affecting productivity.
OP0182,2026-09-04,Customer Support,Online payment attempts sometimes fail unexpectedly near the end of the workday. The problem has occurred repeatedly this week.
OP0935,2026-09-04,Product,Recent UI changes have increased support requests during the morning. The issue was noticed during normal operations.
OP0554,2026-09-04,IT,VPN connection drops during remote work after a recent update. Several users have described similar behavior.
OP0088,2026-09-04,Security,Several users noticed authentication events they do not recognize near the end of the workday. The problem is still occurring.
OP0332,2026-09-04,DevOps,Build failures are blocking scheduled releases during the morning. The team has requested investigation.
OP0863,2026-09-04,IT,Employees cannot reliably connect to the corporate network during remote access. The issue was noticed during normal operations.
OP0366,2026-09-04,HR,Managers report a growing backlog of pending requests during remote access. The team says it is affecting productivity.
OP0626,2026-09-04,Customer Support,Customers report that the payment page becomes unresponsive during the afternoon. Several users have described similar behavior.
OP0416,2026-09-05,Communication,Important decisions are not reaching all team members during peak usage. The issue was reported by several employees.
OP0249,2026-09-05,Product,Customers are struggling to find features after the redesign during the morning. Employees say the issue is becoming more frequent.
OP0176,2026-09-05,Communication,Teams are missing important project updates during normal business hours. The team says it is affecting productivity.
OP0902,2026-09-05,Facilities,Employees cannot reliably access reserved meeting spaces during the afternoon. Employees say the issue is becoming more frequent.
OP0740,2026-09-05,Database,Applications intermittently fail when accessing stored data during normal business hours. The issue became noticeable after a recent change.
OP0452,2026-09-05,Product,Customers are struggling to find features after the redesign during remote access. The team says it is affecting productivity.
OP0161,2026-09-05,DevOps,Release automation is generating repeated errors after a recent update. The issue became noticeable after a recent change.
OP0967,2026-09-05,HR,Employees are waiting too long for administrative approvals during peak usage. The team has requested investigation.
OP0839,2026-09-05,Customer Support,Users are unable to complete transactions after entering payment details during the morning. The issue became noticeable after a recent change.
OP0036,2026-09-05,Facilities,Reserved rooms are sometimes occupied by other teams during normal business hours. The problem is still occurring.
OP0608,2026-09-05,Operations,Inventory updates are not reflected quickly in the system after a recent update. The team says it is affecting productivity.
OP0405,2026-09-05,IT,Remote access to internal systems is unstable during normal business hours. The problem is still occurring.
OP0933,2026-09-05,Communication,Teams are missing important project updates near the end of the workday. The issue became noticeable after a recent change.
OP0374,2026-09-05,Facilities,Teams are reporting repeated meeting-room conflicts during the afternoon. The issue was reported by several employees.
OP0090,2026-09-05,IT,Wi-Fi connectivity is inconsistent on the office floor during the morning. The issue became noticeable after a recent change.
OP0143,2026-09-05,Communication,Project updates are arriving too late for affected teams during the morning. Several users have described similar behavior.
OP0630,2026-09-05,IT,Remote access to internal systems is unstable during remote access. The team has requested investigation.
OP0918,2026-09-06,Product,The new navigation is causing repeated user complaints during the morning. The problem is still occurring.
OP0152,2026-09-06,Database,Database performance has degraded under heavier workloads when workload increases. The team has requested investigation.
OP0633,2026-09-06,Security,Accounts are generating unexpected security alerts when workload increases. The issue became noticeable after a recent change.
OP0307,2026-09-06,Product,The new navigation is causing repeated user complaints during peak usage. The problem is still occurring.
OP0462,2026-09-06,DevOps,Build jobs are taking unusually long to complete near the end of the workday. The problem is causing delays for routine work.
OP0497,2026-09-06,Product,The new navigation is causing repeated user complaints during the morning. The team says it is affecting productivity.
OP0034,2026-09-06,Operations,Stock changes are missing from the dashboard when workload increases. The team says it is affecting productivity.
OP0066,2026-09-06,Operations,Inventory records are becoming inconsistent across systems when workload increases. The problem is causing delays for routine work.
OP0223,2026-09-06,HR,Routine employee requests require excessive approval time during remote access. The problem is causing delays for routine work.
OP0417,2026-09-06,Database,Database queries are taking longer than expected during normal business hours. The problem is still occurring.
OP0613,2026-09-06,HR,Managers report a growing backlog of pending requests during the afternoon. The team says it is affecting productivity.
OP0209,2026-09-06,Security,Staff members are receiving repeated unexpected sign-in prompts after a recent update. The team says it is affecting productivity.
OP0768,2026-09-06,Database,Database queries are taking longer than expected near the end of the workday. The problem has occurred repeatedly this week.
OP0983,2026-09-06,Product,Users are confused by the latest interface changes near the end of the workday. The issue was reported by several employees.
OP0287,2026-09-06,HR,Employee approval requests remain pending for several days during the afternoon. The problem is causing delays for routine work.
OP0024,2026-09-06,Facilities,Room availability does not match the booking system during normal business hours. Employees say the issue is becoming more frequent.
OP0588,2026-09-07,Communication,Employees are receiving conflicting instructions when workload increases. The problem is causing delays for routine work.
OP0315,2026-09-07,Communication,Employees are receiving conflicting instructions after a recent update. The team has requested investigation.
OP0025,2026-09-07,Customer Support,Checkout requests occasionally stop responding during the afternoon. The issue was reported by several employees.
OP0942,2026-09-07,Customer Support,Online payment attempts sometimes fail unexpectedly when workload increases. The problem has occurred repeatedly this week.
OP0233,2026-09-07,Operations,Inventory updates are not reflected quickly in the system after a recent update. The problem has occurred repeatedly this week.
OP0681,2026-09-07,DevOps,Build jobs are taking unusually long to complete when workload increases. The issue was noticed during normal operations.
OP0397,2026-09-07,Communication,Different departments are working from inconsistent information when workload increases. The team has requested investigation.
OP0137,2026-09-07,HR,Managers report a growing backlog of pending requests when workload increases. The problem is causing delays for routine work.
OP0085,2026-09-07,Customer Support,Online payment attempts sometimes fail unexpectedly near the end of the workday. The problem is causing delays for routine work.
OP0432,2026-09-07,IT,Employees experience repeated network timeouts after a recent update. The problem has occurred repeatedly this week.
OP0721,2026-09-07,IT,Employees experience repeated network timeouts near the end of the workday. The issue became noticeable after a recent change.
OP0597,2026-09-07,Operations,Warehouse data is arriving later than expected during the afternoon. The problem is still occurring.
OP0549,2026-09-07,Operations,Stock changes are missing from the dashboard near the end of the workday. The team has requested investigation.
OP0731,2026-09-07,Communication,Different departments are working from inconsistent information when workload increases. The problem has occurred repeatedly this week.
OP0838,2026-09-07,Security,Unusual access attempts have been reported by employees near the end of the workday. The team has requested investigation.
OP0464,2026-09-07,Customer Support,Customers receive errors while completing purchases near the end of the workday. The problem is causing delays for routine work.
OP0418,2026-09-07,Facilities,Employees cannot reliably access reserved meeting spaces during normal business hours. The team says it is affecting productivity.
OP0481,2026-09-07,Operations,Inventory records are becoming inconsistent across systems during the afternoon. The problem is still occurring.
OP0876,2026-09-07,DevOps,Deployment pipeline fails after recent code changes near the end of the workday. The issue was reported by several employees.
OP0063,2026-09-07,Communication,Teams are struggling to keep track of project changes during the afternoon. The problem has occurred repeatedly this week.
OP0582,2026-09-08,Product,The redesigned interface is increasing task completion time during normal business hours. The issue was reported by several employees.
OP0675,2026-09-08,Database,Database performance has degraded under heavier workloads after a recent update. The problem is causing delays for routine work.
OP0004,2026-09-08,Product,Users are having difficulty completing common tasks after the update after a recent update. The issue was reported by several employees.
OP0113,2026-09-08,DevOps,CI jobs are frequently stopping before completion during remote access. The issue became noticeable after a recent change.
OP0956,2026-09-08,IT,Internal applications become unreachable from remote locations during normal business hours. The issue became noticeable after a recent change.
OP0676,2026-09-08,IT,Network access becomes slow during peak hours during normal business hours. The problem is still occurring.
OP0234,2026-09-08,HR,Employees are waiting too long for administrative approvals during remote access. The team has requested investigation.
OP0041,2026-09-08,Database,Database response time becomes slow during peak usage after a recent update. The team has requested investigation.
OP0715,2026-09-08,Operations,Inventory quantities differ between operational systems during the afternoon. Several users have described similar behavior.
OP0845,2026-09-09,Facilities,Room availability does not match the booking system during remote access. The issue became noticeable after a recent change.
OP0720,2026-09-09,Product,The new navigation is causing repeated user complaints after a recent update. Employees say the issue is becoming more frequent.
OP0544,2026-09-09,Communication,Project information is scattered across multiple channels during peak usage. Employees say the issue is becoming more frequent.
OP0787,2026-09-09,Facilities,Room availability does not match the booking system during the afternoon. The issue became noticeable after a recent change.
OP0107,2026-09-09,Communication,Different departments are working from inconsistent information near the end of the workday. The problem is causing delays for routine work.
OP0814,2026-09-09,Security,Users report suspicious authentication activity after a recent update. The issue was reported by several employees.
OP0792,2026-09-09,Facilities,Employees cannot reliably access reserved meeting spaces during the morning. The team says it is affecting productivity.
OP0494,2026-09-09,Communication,Different departments are working from inconsistent information during normal business hours. The issue was noticed during normal operations.
OP0255,2026-09-09,Communication,Important decisions are not reaching all team members during the afternoon. The problem has occurred repeatedly this week.
OP0960,2026-09-09,Communication,Different departments are working from inconsistent information during peak usage. Several users have described similar behavior.
OP0834,2026-09-09,Communication,Project updates are arriving too late for affected teams when workload increases. The problem is causing delays for routine work.
OP0319,2026-09-09,IT,Wi-Fi connectivity is inconsistent on the office floor during remote access. The team has requested investigation.
OP0068,2026-09-09,HR,Internal approval workflows are causing delays during the afternoon. The problem has occurred repeatedly this week.
OP0746,2026-09-09,Communication,Important decisions are not reaching all team members during normal business hours. The team says it is affecting productivity.
OP0727,2026-09-09,DevOps,Deployment pipeline fails after recent code changes near the end of the workday. The issue became noticeable after a recent change.
OP0599,2026-09-09,Customer Support,Online payment attempts sometimes fail unexpectedly during remote access. Several users have described similar behavior.
OP0823,2026-09-09,IT,Employees cannot reliably connect to the corporate network when workload increases. The problem is still occurring.
OP0880,2026-09-09,DevOps,Build jobs are taking unusually long to complete during the morning. Employees say the issue is becoming more frequent.
OP0937,2026-09-09,Product,Users are confused by the latest interface changes during the afternoon. The problem has occurred repeatedly this week.
OP0996,2026-09-10,Product,Recent UI changes have increased support requests near the end of the workday. The issue was noticed during normal operations.
OP0763,2026-09-10,DevOps,CI jobs are frequently stopping before completion when workload increases. The team says it is affecting productivity.
OP0692,2026-09-10,Operations,Warehouse data is arriving later than expected during peak usage. The problem is still occurring.
OP0858,2026-09-10,Security,Users report suspicious authentication activity during normal business hours. The issue was noticed during normal operations.
OP0403,2026-09-10,DevOps,CI jobs are frequently stopping before completion during remote access. The problem is still occurring.
OP0868,2026-09-10,DevOps,Deployment pipeline fails after recent code changes when workload increases. The team says it is affecting productivity.
OP0455,2026-09-10,Product,The new navigation is causing repeated user complaints during the morning. The team has requested investigation.
OP0226,2026-09-10,DevOps,Build jobs are taking unusually long to complete near the end of the workday. The issue was noticed during normal operations.
OP0753,2026-09-10,DevOps,Deployment pipeline fails after recent code changes during remote access. The problem is causing delays for routine work.
OP0426,2026-09-10,Database,Applications intermittently fail when accessing stored data when workload increases. The problem is causing delays for routine work.
OP0843,2026-09-10,DevOps,Release automation is generating repeated errors after a recent update. The problem is causing delays for routine work.
OP0695,2026-09-11,IT,Wi-Fi connectivity is inconsistent on the office floor near the end of the workday. Employees say the issue is becoming more frequent.
OP0989,2026-09-11,Product,Customers are struggling to find features after the redesign during normal business hours. Employees say the issue is becoming more frequent.
OP0684,2026-09-11,Communication,Teams are missing important project updates during peak usage. The problem is still occurring.
OP0552,2026-09-11,Security,Multiple accounts show unfamiliar sign-in attempts during the morning. Employees say the issue is becoming more frequent.
OP0380,2026-09-11,Communication,Project updates are arriving too late for affected teams during remote access. Employees say the issue is becoming more frequent.
OP0439,2026-09-11,IT,Wi-Fi connectivity is inconsistent on the office floor when workload increases. The problem is still occurring.
OP0718,2026-09-11,Operations,Warehouse records take too long to synchronize when workload increases. The issue was noticed during normal operations.
OP0511,2026-09-11,Product,Users are confused by the latest interface changes after a recent update. The issue was noticed during normal operations.
OP0515,2026-09-11,DevOps,Production releases are being delayed by failed deployments after a recent update. The team says it is affecting productivity.
OP0925,2026-09-11,Communication,Employees are receiving conflicting instructions near the end of the workday. Several users have described similar behavior.
OP0450,2026-09-11,Product,Customers report that important controls are difficult to locate during the afternoon. The problem is still occurring.
OP0408,2026-09-11,Communication,Employees are receiving conflicting instructions during normal business hours. The problem is causing delays for routine work.
OP0291,2026-09-11,Operations,Inventory quantities differ between operational systems during normal business hours. Employees say the issue is becoming more frequent.
OP0943,2026-09-11,Communication,Employees are receiving conflicting instructions near the end of the workday. The team has requested investigation.
OP0095,2026-09-11,Facilities,Reserved rooms are sometimes occupied by other teams during peak usage. The issue became noticeable after a recent change.
OP0653,2026-09-11,HR,Managers report a growing backlog of pending requests during the afternoon. The issue became noticeable after a recent change.
OP0885,2026-09-11,Communication,Project updates are arriving too late for affected teams during peak usage. Several users have described similar behavior.
OP0216,2026-09-12,Operations,Inventory updates are not reflected quickly in the system near the end of the workday. The issue was noticed during normal operations.
OP0297,2026-09-12,Communication,Teams are struggling to keep track of project changes during normal business hours. The issue was reported by several employees.
OP0581,2026-09-12,Operations,Stock changes are missing from the dashboard during the afternoon. The team has requested investigation.
OP0451,2026-09-12,DevOps,Deployment pipeline fails after recent code changes after a recent update. The problem is causing delays for routine work.
OP0471,2026-09-12,HR,Requests are moving slowly between approval stages after a recent update. Several users have described similar behavior.
OP0910,2026-09-12,Communication,Project information is scattered across multiple channels during the morning. The team says it is affecting productivity.
OP0964,2026-09-12,Customer Support,Customers receive errors while completing purchases during peak usage. The team says it is affecting productivity.
OP0197,2026-09-12,Security,Accounts are generating unexpected security alerts after a recent update. The issue was noticed during normal operations.
OP0531,2026-09-12,DevOps,Deployment jobs are waiting unusually long for resources after a recent update. The problem is causing delays for routine work.
OP0334,2026-09-12,IT,Internal applications become unreachable from remote locations after a recent update. The problem is still occurring.
OP0115,2026-09-12,Facilities,Meeting-space bookings are frequently causing scheduling conflicts during the morning. Employees say the issue is becoming more frequent.
OP0909,2026-09-12,IT,Remote access to internal systems is unstable during peak usage. The issue was reported by several employees.
OP0589,2026-09-12,HR,Internal approval workflows are causing delays when workload increases. Several users have described similar behavior.
OP0358,2026-09-12,Security,Users report suspicious authentication activity during the afternoon. The team has requested investigation.
OP0010,2026-09-12,DevOps,Release automation is generating repeated errors during remote access. Several users have described similar behavior.
OP0263,2026-09-12,Communication,Employees are receiving conflicting instructions during the afternoon. The problem is still occurring.
OP0457,2026-09-13,Customer Support,Users are unable to complete transactions after entering payment details after a recent update. The issue was reported by several employees.
OP0882,2026-09-13,DevOps,Production releases are being delayed by failed deployments after a recent update. The problem has occurred repeatedly this week.
OP0395,2026-09-13,Product,The new navigation is causing repeated user complaints after a recent update. The issue was noticed during normal operations.
OP0830,2026-09-13,IT,Internal applications become unreachable from remote locations near the end of the workday. The issue was reported by several employees.
OP0752,2026-09-13,Database,Several services are losing their database connections near the end of the workday. Several users have described similar behavior.
OP0020,2026-09-13,HR,Leave requests are taking too long to get approved when workload increases. The problem is causing delays for routine work.
OP0147,2026-09-13,Database,Several services are losing their database connections when workload increases. The issue was noticed during normal operations.
