record_id,date,department,description,cluster,semantic_cluster,problem_category,week
OP0995,2026-07-01,Facilities,meeting-space bookings are frequently causing scheduling conflicts after a recent update. several users have described similar behavior.,7,8,Meeting Room Management,2026-06-29
OP0687,2026-07-01,Communication,project information is scattered across multiple channels during normal business hours. the issue was reported by several employees.,4,9,Internal Communication,2026-06-29
OP0005,2026-07-01,Facilities,conference rooms appear double-booked when workload increases. the team has requested investigation.,7,8,Meeting Room Management,2026-06-29
OP0052,2026-07-01,Facilities,meeting rooms are unavailable despite being reserved near the end of the workday. the team says it is affecting productivity.,7,8,Meeting Room Management,2026-06-29
OP0498,2026-07-01,IT,employees experience repeated network timeouts during the morning. the problem has occurred repeatedly this week.,6,7,Network & VPN,2026-06-29
OP0193,2026-07-01,Security,accounts are generating unexpected security alerts when workload increases. the problem is causing delays for routine work.,2,3,Security & Authentication,2026-06-29
OP0525,2026-07-01,Security,users report suspicious authentication activity during the afternoon. the problem has occurred repeatedly this week.,7,3,Security & Authentication,2026-06-29
OP0646,2026-07-01,Product,the redesigned interface is increasing task completion time during peak usage. the issue was noticed during normal operations.,5,1,Product & UI Usability,2026-06-29
OP0484,2026-07-02,Database,applications intermittently fail when accessing stored data when workload increases. the problem is still occurring.,9,0,Database & Performance,2026-06-29
OP0788,2026-07-02,Customer Support,customers receive errors while completing purchases after a recent update. the team says it is affecting productivity.,0,4,Payments & Checkout,2026-06-29
OP0244,2026-07-02,HR,employee approval requests remain pending for several days during peak usage. the issue was reported by several employees.,5,2,Employee Approvals,2026-06-29
OP0966,2026-07-02,HR,routine employee requests require excessive approval time during normal business hours. the team says it is affecting productivity.,5,2,Employee Approvals,2026-06-29
OP0647,2026-07-02,Facilities,meeting rooms are unavailable despite being reserved during remote access. the issue was noticed during normal operations.,7,8,Meeting Room Management,2026-06-29
OP0154,2026-07-02,Database,database response time becomes slow during peak usage when workload increases. the team says it is affecting productivity.,6,0,Database & Performance,2026-06-29
OP0728,2026-07-02,Security,accounts are generating unexpected security alerts during normal business hours. several users have described similar behavior.,7,3,Security & Authentication,2026-06-29
OP0664,2026-07-02,Operations,inventory updates are not reflected quickly in the system during the afternoon. the team says it is affecting productivity.,4,5,Inventory & Synchronization,2026-06-29
OP0201,2026-07-02,Operations,inventory updates are not reflected quickly in the system during normal business hours. the problem is causing delays for routine work.,2,5,Inventory & Synchronization,2026-06-29
OP0994,2026-07-02,Operations,inventory records are becoming inconsistent across systems when workload increases. the team has requested investigation.,4,5,Inventory & Synchronization,2026-06-29
OP0502,2026-07-02,IT,vpn connection drops during remote work near the end of the workday. the problem is causing delays for routine work.,2,7,Network & VPN,2026-06-29
OP0807,2026-07-02,IT,vpn connection drops during remote work during remote access. several users have described similar behavior.,4,7,Network & VPN,2026-06-29
OP0601,2026-07-03,IT,vpn connection drops during remote work during normal business hours. the problem has occurred repeatedly this week.,4,7,Network & VPN,2026-06-29
OP0503,2026-07-03,IT,internal applications become unreachable from remote locations when workload increases. several users have described similar behavior.,4,7,Network & VPN,2026-06-29
OP0561,2026-07-03,DevOps,production releases are being delayed by failed deployments during the afternoon. the issue was reported by several employees.,6,6,Deployment & CI,2026-06-29
OP0245,2026-07-03,Security,accounts are generating unexpected security alerts during remote access. the issue was noticed during normal operations.,7,3,Security & Authentication,2026-06-29
OP0689,2026-07-03,HR,routine employee requests require excessive approval time during the morning. the problem is still occurring.,5,2,Employee Approvals,2026-06-29
OP0124,2026-07-03,Customer Support,users are unable to complete transactions after entering payment details during normal business hours. the problem has occurred repeatedly this week.,4,4,Payments & Checkout,2026-06-29
OP0463,2026-07-03,HR,managers report a growing backlog of pending requests during the morning. the issue was noticed during normal operations.,5,2,Employee Approvals,2026-06-29
OP0328,2026-07-03,Operations,stock changes are missing from the dashboard during the afternoon. the issue was reported by several employees.,4,5,Inventory & Synchronization,2026-06-29
OP0217,2026-07-03,Security,unusual access attempts have been reported by employees when workload increases. several users have described similar behavior.,4,3,Security & Authentication,2026-06-29
OP0704,2026-07-03,Operations,inventory updates are not reflected quickly in the system when workload increases. the issue was reported by several employees.,4,5,Inventory & Synchronization,2026-06-29
OP0783,2026-07-03,Database,database performance has degraded under heavier workloads after a recent update. the team says it is affecting productivity.,7,0,Database & Performance,2026-06-29
OP0618,2026-07-04,DevOps,build jobs are taking unusually long to complete when workload increases. the problem is causing delays for routine work.,2,6,Deployment & CI,2026-06-29
OP0083,2026-07-04,Customer Support,users are unable to complete transactions after entering payment details after a recent update. the issue was noticed during normal operations.,4,4,Payments & Checkout,2026-06-29
OP0079,2026-07-04,HR,routine employee requests require excessive approval time near the end of the workday. the team says it is affecting productivity.,5,2,Employee Approvals,2026-06-29
OP0632,2026-07-04,HR,managers report a growing backlog of pending requests during the afternoon. several users have described similar behavior.,5,2,Employee Approvals,2026-06-29
OP0706,2026-07-04,Product,users are confused by the latest interface changes during normal business hours. the problem is still occurring.,6,1,Product & UI Usability,2026-06-29
OP0118,2026-07-04,Database,database response time becomes slow during peak usage during normal business hours. the issue became noticeable after a recent change.,6,0,Database & Performance,2026-06-29
OP0564,2026-07-04,HR,leave requests are taking too long to get approved near the end of the workday. the issue became noticeable after a recent change.,7,2,Employee Approvals,2026-06-29
OP0382,2026-07-04,Communication,employees are receiving conflicting instructions near the end of the workday. the issue was noticed during normal operations.,7,9,Internal Communication,2026-06-29
OP0410,2026-07-04,DevOps,ci jobs are frequently stopping before completion when workload increases. employees say the issue is becoming more frequent.,1,2,Employee Approvals,2026-06-29
OP0081,2026-07-05,Customer Support,users cannot reliably complete the checkout process near the end of the workday. the problem has occurred repeatedly this week.,8,4,Payments & Checkout,2026-06-29
OP0433,2026-07-05,IT,remote access to internal systems is unstable during peak usage. the issue became noticeable after a recent change.,4,7,Network & VPN,2026-06-29
OP0986,2026-07-05,Product,the redesigned interface is increasing task completion time during the morning. the team says it is affecting productivity.,5,1,Product & UI Usability,2026-06-29
OP0236,2026-07-05,Operations,stock changes are missing from the dashboard when workload increases. the issue became noticeable after a recent change.,4,5,Inventory & Synchronization,2026-06-29
OP0818,2026-07-05,IT,vpn connection drops during remote work near the end of the workday. the issue became noticeable after a recent change.,7,7,Network & VPN,2026-06-29
OP0775,2026-07-05,Facilities,room availability does not match the booking system during the morning. the issue became noticeable after a recent change.,4,8,Meeting Room Management,2026-06-29
OP0734,2026-07-05,Customer Support,customers receive errors while completing purchases near the end of the workday. the team says it is affecting productivity.,0,4,Payments & Checkout,2026-06-29
OP0071,2026-07-06,IT,vpn connection drops during remote work when workload increases. the issue became noticeable after a recent change.,4,7,Network & VPN,2026-07-06
OP0207,2026-07-06,HR,managers report a growing backlog of pending requests during the morning. several users have described similar behavior.,5,2,Employee Approvals,2026-07-06
OP0381,2026-07-06,IT,employees experience repeated network timeouts during the afternoon. the issue was reported by several employees.,6,7,Network & VPN,2026-07-06
OP0668,2026-07-06,DevOps,build failures are blocking scheduled releases during the afternoon. the problem is still occurring.,5,6,Deployment & CI,2026-07-06
OP0469,2026-07-06,Communication,project updates are arriving too late for affected teams after a recent update. the issue was reported by several employees.,7,9,Internal Communication,2026-07-06
OP0650,2026-07-06,IT,remote access to internal systems is unstable during the afternoon. several users have described similar behavior.,4,7,Network & VPN,2026-07-06
OP0424,2026-07-06,Security,accounts are generating unexpected security alerts when workload increases. the team says it is affecting productivity.,7,3,Security & Authentication,2026-07-06
OP0411,2026-07-07,Communication,important decisions are not reaching all team members after a recent update. several users have described similar behavior.,4,9,Internal Communication,2026-07-06
OP0796,2026-07-07,Operations,warehouse records take too long to synchronize during normal business hours. several users have described similar behavior.,4,5,Inventory & Synchronization,2026-07-06
OP0785,2026-07-07,IT,network access becomes slow during peak hours during the morning. several users have described similar behavior.,6,7,Network & VPN,2026-07-06
OP0840,2026-07-07,DevOps,deployment pipeline fails after recent code changes during peak usage. the issue became noticeable after a recent change.,4,6,Deployment & CI,2026-07-06
OP0155,2026-07-07,Product,customers are struggling to find features after the redesign during the morning. several users have described similar behavior.,3,1,Product & UI Usability,2026-07-06
OP0517,2026-07-07,HR,routine employee requests require excessive approval time during remote access. the problem has occurred repeatedly this week.,5,2,Employee Approvals,2026-07-06
OP0323,2026-07-07,Operations,warehouse records take too long to synchronize near the end of the workday. the issue was reported by several employees.,7,5,Inventory & Synchronization,2026-07-06
OP0049,2026-07-07,DevOps,ci jobs are frequently stopping before completion during the afternoon. the problem is causing delays for routine work.,2,2,Employee Approvals,2026-07-06
OP0700,2026-07-07,Security,users report suspicious authentication activity during the morning. the problem has occurred repeatedly this week.,7,3,Security & Authentication,2026-07-06
OP0121,2026-07-07,Facilities,conference rooms appear double-booked during peak usage. the team has requested investigation.,7,8,Meeting Room Management,2026-07-06
OP0022,2026-07-07,HR,requests are moving slowly between approval stages during the afternoon. the team has requested investigation.,5,2,Employee Approvals,2026-07-06
OP0330,2026-07-07,Customer Support,users cannot reliably complete the checkout process during the afternoon. several users have described similar behavior.,8,4,Payments & Checkout,2026-07-06
OP0605,2026-07-07,Customer Support,customers report that the payment page becomes unresponsive during peak usage. the problem is still occurring.,3,4,Payments & Checkout,2026-07-06
OP0844,2026-07-07,Facilities,conference rooms appear double-booked when workload increases. the problem is causing delays for routine work.,2,8,Meeting Room Management,2026-07-06
OP0240,2026-07-07,DevOps,deployment jobs are waiting unusually long for resources during the morning. the issue was noticed during normal operations.,4,6,Deployment & CI,2026-07-06
OP0238,2026-07-08,Security,employees are receiving unexpected login notifications during remote access. the problem is still occurring.,7,3,Security & Authentication,2026-07-06
OP0673,2026-07-08,Operations,inventory quantities differ between operational systems during normal business hours. the problem is causing delays for routine work.,2,5,Inventory & Synchronization,2026-07-06
OP0170,2026-07-08,Customer Support,users are unable to complete transactions after entering payment details during the afternoon. the team says it is affecting productivity.,4,4,Payments & Checkout,2026-07-06
OP0478,2026-07-08,Database,database response time becomes slow during peak usage during normal business hours. the team says it is affecting productivity.,6,0,Database & Performance,2026-07-06
OP0470,2026-07-08,Facilities,room availability does not match the booking system after a recent update. the issue was noticed during normal operations.,4,8,Meeting Room Management,2026-07-06
OP0045,2026-07-08,Facilities,room availability does not match the booking system during the afternoon. the issue was reported by several employees.,4,8,Meeting Room Management,2026-07-06
OP0771,2026-07-08,Security,several users noticed authentication events they do not recognize during remote access. the team says it is affecting productivity.,4,3,Security & Authentication,2026-07-06
OP0587,2026-07-08,Communication,project information is scattered across multiple channels after a recent update. the issue was noticed during normal operations.,4,9,Internal Communication,2026-07-06
OP0509,2026-07-08,Facilities,room availability does not match the booking system during normal business hours. the issue became noticeable after a recent change.,4,8,Meeting Room Management,2026-07-06
OP0252,2026-07-09,DevOps,deployment pipeline fails after recent code changes during peak usage. the problem is still occurring.,4,6,Deployment & CI,2026-07-06
OP0699,2026-07-09,IT,employees cannot reliably connect to the corporate network after a recent update. the issue was noticed during normal operations.,8,7,Network & VPN,2026-07-06
OP0241,2026-07-09,Security,multiple accounts show unfamiliar sign-in attempts after a recent update. the team says it is affecting productivity.,7,3,Security & Authentication,2026-07-06
OP0023,2026-07-09,DevOps,build jobs are taking unusually long to complete near the end of the workday. the team says it is affecting productivity.,7,6,Deployment & CI,2026-07-06
OP0125,2026-07-09,Product,users are confused by the latest interface changes after a recent update. the problem is still occurring.,6,1,Product & UI Usability,2026-07-06
OP0039,2026-07-09,IT,vpn connection drops during remote work after a recent update. the issue was reported by several employees.,4,7,Network & VPN,2026-07-06
OP0331,2026-07-09,Database,several services are losing their database connections during normal business hours. employees say the issue is becoming more frequent.,1,0,Database & Performance,2026-07-06
OP0914,2026-07-09,HR,managers report a growing backlog of pending requests during normal business hours. the problem is still occurring.,5,2,Employee Approvals,2026-07-06
OP0369,2026-07-09,Product,customers are struggling to find features after the redesign during the afternoon. employees say the issue is becoming more frequent.,3,1,Product & UI Usability,2026-07-06
OP0741,2026-07-09,Security,accounts are generating unexpected security alerts during peak usage. the issue was reported by several employees.,7,3,Security & Authentication,2026-07-06
OP0864,2026-07-09,DevOps,deployment pipeline fails after recent code changes during the morning. the team says it is affecting productivity.,4,6,Deployment & CI,2026-07-06
OP0335,2026-07-09,Facilities,conference rooms appear double-booked during remote access. the problem has occurred repeatedly this week.,7,8,Meeting Room Management,2026-07-06
OP0037,2026-07-09,Operations,inventory updates are not reflected quickly in the system after a recent update. the issue was noticed during normal operations.,4,5,Inventory & Synchronization,2026-07-06
OP0458,2026-07-09,DevOps,deployment pipeline fails after recent code changes during remote access. the issue became noticeable after a recent change.,4,6,Deployment & CI,2026-07-06
OP0897,2026-07-09,IT,remote access to internal systems is unstable after a recent update. the team has requested investigation.,4,7,Network & VPN,2026-07-06
OP0871,2026-07-09,IT,network access becomes slow during peak hours during the morning. the problem has occurred repeatedly this week.,6,7,Network & VPN,2026-07-06
OP0205,2026-07-09,Operations,inventory records are becoming inconsistent across systems during the morning. the problem is causing delays for routine work.,2,5,Inventory & Synchronization,2026-07-06
OP0084,2026-07-09,Database,several services are losing their database connections when workload increases. the problem is still occurring.,7,0,Database & Performance,2026-07-06
OP0363,2026-07-10,Operations,stock information is frequently out of date during peak usage. the problem has occurred repeatedly this week.,4,5,Inventory & Synchronization,2026-07-06
OP0705,2026-07-10,Security,multiple accounts show unfamiliar sign-in attempts during peak usage. the issue became noticeable after a recent change.,7,3,Security & Authentication,2026-07-06
OP0905,2026-07-10,HR,employees are waiting too long for administrative approvals after a recent update. the team says it is affecting productivity.,4,2,Employee Approvals,2026-07-06
OP0280,2026-07-10,IT,network access becomes slow during peak hours during normal business hours. the issue was reported by several employees.,6,7,Network & VPN,2026-07-06
OP0213,2026-07-10,Customer Support,customers are reporting repeated payment failures during peak usage. the problem is causing delays for routine work.,2,4,Payments & Checkout,2026-07-06
OP0371,2026-07-10,Communication,teams are missing important project updates during remote access. the team says it is affecting productivity.,4,9,Internal Communication,2026-07-06
OP0620,2026-07-10,Facilities,meeting rooms are unavailable despite being reserved during normal business hours. the issue was noticed during normal operations.,7,8,Meeting Room Management,2026-07-06
OP0976,2026-07-10,Facilities,reserved rooms are sometimes occupied by other teams near the end of the workday. employees say the issue is becoming more frequent.,1,8,Meeting Room Management,2026-07-06
OP0622,2026-07-10,Security,unusual access attempts have been reported by employees during normal business hours. the team says it is affecting productivity.,4,3,Security & Authentication,2026-07-06
OP0610,2026-07-10,Facilities,reserved rooms are sometimes occupied by other teams during normal business hours. the team says it is affecting productivity.,6,8,Meeting Room Management,2026-07-06
OP0655,2026-07-10,Security,staff members are receiving repeated unexpected sign-in prompts after a recent update. several users have described similar behavior.,7,3,Security & Authentication,2026-07-06
OP0548,2026-07-10,HR,managers report a growing backlog of pending requests near the end of the workday. the issue became noticeable after a recent change.,5,2,Employee Approvals,2026-07-06
OP0666,2026-07-10,Facilities,employees cannot reliably access reserved meeting spaces when workload increases. the problem has occurred repeatedly this week.,8,8,Meeting Room Management,2026-07-06
OP0984,2026-07-11,DevOps,deployment pipeline fails after recent code changes during peak usage. several users have described similar behavior.,4,6,Deployment & CI,2026-07-06
OP0164,2026-07-11,Database,database performance has degraded under heavier workloads when workload increases. the issue was noticed during normal operations.,7,0,Database & Performance,2026-07-06
OP0376,2026-07-11,Database,database response time becomes slow during peak usage when workload increases. the problem is causing delays for routine work.,2,0,Database & Performance,2026-07-06
OP0120,2026-07-11,Facilities,teams are reporting repeated meeting-room conflicts during the morning. employees say the issue is becoming more frequent.,1,8,Meeting Room Management,2026-07-06
OP0203,2026-07-11,Customer Support,online payment attempts sometimes fail unexpectedly near the end of the workday. employees say the issue is becoming more frequent.,9,4,Payments & Checkout,2026-07-06
OP0173,2026-07-11,Product,users are having difficulty completing common tasks after the update during normal business hours. the team has requested investigation.,4,9,Internal Communication,2026-07-06
OP0523,2026-07-11,Communication,employees are receiving conflicting instructions during the afternoon. the issue was noticed during normal operations.,7,9,Internal Communication,2026-07-06
OP0059,2026-07-11,DevOps,release automation is generating repeated errors during the morning. the issue was noticed during normal operations.,4,6,Deployment & CI,2026-07-06
OP0932,2026-07-11,DevOps,production releases are being delayed by failed deployments during remote access. the issue was noticed during normal operations.,6,6,Deployment & CI,2026-07-06
OP0889,2026-07-11,Operations,stock changes are missing from the dashboard during peak usage. the problem has occurred repeatedly this week.,4,5,Inventory & Synchronization,2026-07-06
OP0480,2026-07-11,Database,database response time becomes slow during peak usage during remote access. the issue was noticed during normal operations.,6,0,Database & Performance,2026-07-06
OP0522,2026-07-11,HR,managers report a growing backlog of pending requests near the end of the workday. employees say the issue is becoming more frequent.,1,2,Employee Approvals,2026-07-06
OP0271,2026-07-11,IT,remote access to internal systems is unstable during the morning. the team says it is affecting productivity.,4,7,Network & VPN,2026-07-06
OP0921,2026-07-11,HR,internal approval workflows are causing delays after a recent update. the team has requested investigation.,2,2,Employee Approvals,2026-07-06
OP0032,2026-07-11,Database,database connections drop during periods of high traffic during the afternoon. the issue was noticed during normal operations.,7,0,Database & Performance,2026-07-06
OP0747,2026-07-12,Security,users report suspicious authentication activity when workload increases. the team says it is affecting productivity.,4,3,Security & Authentication,2026-07-06
OP0773,2026-07-12,Communication,different departments are working from inconsistent information during normal business hours. the team says it is affecting productivity.,4,9,Internal Communication,2026-07-06
OP0856,2026-07-12,HR,employees are waiting too long for administrative approvals near the end of the workday. the problem is causing delays for routine work.,2,2,Employee Approvals,2026-07-06
OP0508,2026-07-12,Customer Support,customers are reporting repeated payment failures during the morning. the problem has occurred repeatedly this week.,7,4,Payments & Checkout,2026-07-06
OP0867,2026-07-12,IT,network access becomes slow during peak hours during the morning. the problem is still occurring.,6,7,Network & VPN,2026-07-06
OP0259,2026-07-12,Security,multiple accounts show unfamiliar sign-in attempts during the afternoon. the team has requested investigation.,7,3,Security & Authentication,2026-07-06
OP0660,2026-07-12,Database,applications intermittently fail when accessing stored data during peak usage. the problem is still occurring.,9,0,Database & Performance,2026-07-06
OP0221,2026-07-12,IT,internal applications become unreachable from remote locations during peak usage. the problem is still occurring.,4,7,Network & VPN,2026-07-06
OP0794,2026-07-12,Communication,project updates are arriving too late for affected teams during peak usage. the team has requested investigation.,7,9,Internal Communication,2026-07-06
OP0188,2026-07-12,Customer Support,checkout requests occasionally stop responding near the end of the workday. the issue was reported by several employees.,7,4,Payments & Checkout,2026-07-06
OP0007,2026-07-12,HR,leave requests are taking too long to get approved during the afternoon. the problem is still occurring.,4,2,Employee Approvals,2026-07-06
OP0584,2026-07-12,IT,network access becomes slow during peak hours during remote access. several users have described similar behavior.,6,7,Network & VPN,2026-07-06
OP0816,2026-07-12,Operations,inventory records are becoming inconsistent across systems during normal business hours. employees say the issue is becoming more frequent.,1,5,Inventory & Synchronization,2026-07-06
OP0615,2026-07-12,Communication,project updates are arriving too late for affected teams after a recent update. the team has requested investigation.,7,9,Internal Communication,2026-07-06
OP0596,2026-07-12,Operations,warehouse records take too long to synchronize during the morning. employees say the issue is becoming more frequent.,1,5,Inventory & Synchronization,2026-07-06
OP0711,2026-07-12,IT,employees cannot reliably connect to the corporate network near the end of the workday. the issue was reported by several employees.,8,7,Network & VPN,2026-07-06
OP0453,2026-07-12,Operations,inventory updates are not reflected quickly in the system during normal business hours. the issue was noticed during normal operations.,4,5,Inventory & Synchronization,2026-07-06
OP0099,2026-07-12,DevOps,production releases are being delayed by failed deployments during remote access. the problem is causing delays for routine work.,2,6,Deployment & CI,2026-07-06
OP0489,2026-07-13,Security,unusual access attempts have been reported by employees during normal business hours. the team has requested investigation.,4,3,Security & Authentication,2026-07-13
OP0310,2026-07-13,HR,leave requests are taking too long to get approved when workload increases. the problem has occurred repeatedly this week.,4,2,Employee Approvals,2026-07-13
OP0163,2026-07-13,Customer Support,checkout requests occasionally stop responding during the morning. employees say the issue is becoming more frequent.,1,4,Payments & Checkout,2026-07-13
OP0235,2026-07-13,Facilities,teams are reporting repeated meeting-room conflicts near the end of the workday. the team says it is affecting productivity.,7,8,Meeting Room Management,2026-07-13
OP0043,2026-07-13,Operations,inventory records are becoming inconsistent across systems after a recent update. the issue became noticeable after a recent change.,4,5,Inventory & Synchronization,2026-07-13
OP0702,2026-07-13,Operations,inventory quantities differ between operational systems near the end of the workday. the problem is still occurring.,7,5,Inventory & Synchronization,2026-07-13
OP0663,2026-07-13,Operations,stock changes are missing from the dashboard after a recent update. the problem is causing delays for routine work.,2,5,Inventory & Synchronization,2026-07-13
OP0200,2026-07-13,Operations,inventory updates are not reflected quickly in the system during remote access. the team says it is affecting productivity.,4,5,Inventory & Synchronization,2026-07-13
OP0156,2026-07-14,Product,recent ui changes have increased support requests during normal business hours. the team says it is affecting productivity.,5,1,Product & UI Usability,2026-07-13
OP0067,2026-07-14,IT,wi-fi connectivity is inconsistent on the office floor when workload increases. the problem is causing delays for routine work.,2,7,Network & VPN,2026-07-13
OP0915,2026-07-14,Database,several services are losing their database connections during peak usage. the issue became noticeable after a recent change.,7,0,Database & Performance,2026-07-13
OP0730,2026-07-14,Facilities,conference rooms appear double-booked during the afternoon. the team says it is affecting productivity.,7,8,Meeting Room Management,2026-07-13
OP0526,2026-07-14,Customer Support,customers receive errors while completing purchases when workload increases. the problem is still occurring.,0,4,Payments & Checkout,2026-07-13
OP0611,2026-07-14,Database,several services are losing their database connections during the afternoon. the problem has occurred repeatedly this week.,7,0,Database & Performance,2026-07-13
OP0803,2026-07-14,DevOps,build jobs are taking unusually long to complete during peak usage. the issue was reported by several employees.,4,6,Deployment & CI,2026-07-13
OP0528,2026-07-14,Product,users are having difficulty completing common tasks after the update near the end of the workday. the problem is causing delays for routine work.,2,9,Internal Communication,2026-07-13
OP0754,2026-07-14,Communication,teams are struggling to keep track of project changes when workload increases. several users have described similar behavior.,3,9,Internal Communication,2026-07-13
OP0648,2026-07-14,Security,employees are receiving unexpected login notifications when workload increases. the issue became noticeable after a recent change.,7,3,Security & Authentication,2026-07-13
OP0553,2026-07-14,Facilities,meeting-space bookings are frequently causing scheduling conflicts near the end of the workday. the problem is still occurring.,7,8,Meeting Room Management,2026-07-13
OP0135,2026-07-14,Security,employees are receiving unexpected login notifications during normal business hours. the issue became noticeable after a recent change.,7,3,Security & Authentication,2026-07-13
OP0865,2026-07-14,Database,database performance has degraded under heavier workloads near the end of the workday. the issue was noticed during normal operations.,7,0,Database & Performance,2026-07-13
OP0827,2026-07-14,Database,several services are losing their database connections during remote access. the issue was noticed during normal operations.,7,0,Database & Performance,2026-07-13
OP0437,2026-07-15,Product,the new navigation is causing repeated user complaints after a recent update. several users have described similar behavior.,4,1,Product & UI Usability,2026-07-13
OP0466,2026-07-15,Security,multiple accounts show unfamiliar sign-in attempts after a recent update. several users have described similar behavior.,7,3,Security & Authentication,2026-07-13
OP0793,2026-07-15,Database,database connections drop during periods of high traffic during the afternoon. the issue was reported by several employees.,7,0,Database & Performance,2026-07-13
OP0786,2026-07-15,DevOps,deployment jobs are waiting unusually long for resources during the morning. the issue was reported by several employees.,4,6,Deployment & CI,2026-07-13
OP0945,2026-07-15,Operations,stock changes are missing from the dashboard during normal business hours. the issue was reported by several employees.,4,5,Inventory & Synchronization,2026-07-13
OP0129,2026-07-15,Customer Support,users are unable to complete transactions after entering payment details during peak usage. the problem is still occurring.,4,4,Payments & Checkout,2026-07-13
OP0329,2026-07-15,Customer Support,users cannot reliably complete the checkout process near the end of the workday. the team says it is affecting productivity.,8,4,Payments & Checkout,2026-07-13
OP0837,2026-07-15,HR,requests are moving slowly between approval stages during remote access. the problem is causing delays for routine work.,2,2,Employee Approvals,2026-07-13
OP0543,2026-07-15,Customer Support,users are unable to complete transactions after entering payment details during remote access. the issue became noticeable after a recent change.,4,4,Payments & Checkout,2026-07-13
OP0798,2026-07-15,Security,accounts are generating unexpected security alerts near the end of the workday. the problem is still occurring.,7,3,Security & Authentication,2026-07-13
OP0729,2026-07-15,Communication,teams are struggling to keep track of project changes near the end of the workday. the problem is causing delays for routine work.,2,9,Internal Communication,2026-07-13
OP0073,2026-07-15,Operations,stock changes are missing from the dashboard during the morning. the issue became noticeable after a recent change.,4,5,Inventory & Synchronization,2026-07-13
OP0801,2026-07-15,DevOps,production releases are being delayed by failed deployments during peak usage. the problem is still occurring.,6,6,Deployment & CI,2026-07-13
OP0189,2026-07-16,Database,applications intermittently fail when accessing stored data during normal business hours. the problem has occurred repeatedly this week.,9,0,Database & Performance,2026-07-13
OP0261,2026-07-16,HR,requests are moving slowly between approval stages during remote access. the issue was reported by several employees.,4,2,Employee Approvals,2026-07-13
OP0659,2026-07-16,Operations,warehouse records take too long to synchronize when workload increases. the team has requested investigation.,4,5,Inventory & Synchronization,2026-07-13
OP0609,2026-07-16,Operations,inventory updates are not reflected quickly in the system during remote access. the issue was reported by several employees.,4,5,Inventory & Synchronization,2026-07-13
OP0445,2026-07-16,Security,several users noticed authentication events they do not recognize during the morning. the issue was noticed during normal operations.,4,3,Security & Authentication,2026-07-13
OP0346,2026-07-16,IT,employees experience repeated network timeouts when workload increases. the problem is still occurring.,6,7,Network & VPN,2026-07-13
OP0745,2026-07-16,Customer Support,online payment attempts sometimes fail unexpectedly near the end of the workday. the team has requested investigation.,9,4,Payments & Checkout,2026-07-13
OP0953,2026-07-16,Communication,employees are receiving conflicting instructions during the afternoon. the team says it is affecting productivity.,7,9,Internal Communication,2026-07-13
OP0092,2026-07-16,DevOps,deployment jobs are waiting unusually long for resources during remote access. the problem is still occurring.,4,6,Deployment & CI,2026-07-13
OP0723,2026-07-16,DevOps,ci jobs are frequently stopping before completion during peak usage. the issue was reported by several employees.,4,2,Employee Approvals,2026-07-13
OP0373,2026-07-17,Product,customers report that important controls are difficult to locate during peak usage. employees say the issue is becoming more frequent.,3,1,Product & UI Usability,2026-07-13
OP0778,2026-07-17,Database,database performance has degraded under heavier workloads when workload increases. the problem is still occurring.,7,0,Database & Performance,2026-07-13
OP0033,2026-07-17,Operations,inventory records are becoming inconsistent across systems during peak usage. the problem has occurred repeatedly this week.,4,5,Inventory & Synchronization,2026-07-13
OP0805,2026-07-17,Communication,important decisions are not reaching all team members during the morning. the problem is still occurring.,4,9,Internal Communication,2026-07-13
OP0591,2026-07-17,Facilities,meeting rooms are unavailable despite being reserved during peak usage. several users have described similar behavior.,7,8,Meeting Room Management,2026-07-13
OP0402,2026-07-17,Communication,project updates are arriving too late for affected teams during the afternoon. employees say the issue is becoming more frequent.,1,9,Internal Communication,2026-07-13
OP0454,2026-07-17,Product,the new navigation is causing repeated user complaints during normal business hours. the issue was reported by several employees.,4,1,Product & UI Usability,2026-07-13
OP0831,2026-07-17,Operations,stock changes are missing from the dashboard during peak usage. the team says it is affecting productivity.,4,5,Inventory & Synchronization,2026-07-13
OP0377,2026-07-17,Customer Support,users cannot reliably complete the checkout process when workload increases. the problem is causing delays for routine work.,8,4,Payments & Checkout,2026-07-13
OP0127,2026-07-17,IT,internal applications become unreachable from remote locations after a recent update. the team says it is affecting productivity.,4,7,Network & VPN,2026-07-13
OP0372,2026-07-17,Operations,inventory quantities differ between operational systems during remote access. the problem is causing delays for routine work.,2,5,Inventory & Synchronization,2026-07-13
OP0621,2026-07-17,Product,users are confused by the latest interface changes during remote access. the problem is still occurring.,6,7,Network & VPN,2026-07-13
OP0355,2026-07-17,Communication,project updates are arriving too late for affected teams during the morning. the team has requested investigation.,7,9,Internal Communication,2026-07-13
OP0667,2026-07-17,IT,vpn connection drops during remote work during normal business hours. the issue was noticed during normal operations.,4,7,Network & VPN,2026-07-13
OP0850,2026-07-17,IT,network access becomes slow during peak hours when workload increases. several users have described similar behavior.,6,7,Network & VPN,2026-07-13
OP0075,2026-07-17,Communication,teams are struggling to keep track of project changes near the end of the workday. the team says it is affecting productivity.,3,9,Internal Communication,2026-07-13
OP0836,2026-07-17,Database,database queries are taking longer than expected during remote access. several users have described similar behavior.,7,0,Database & Performance,2026-07-13
OP0988,2026-07-18,Product,recent ui changes have increased support requests during normal business hours. the problem is causing delays for routine work.,2,1,Product & UI Usability,2026-07-13
OP0799,2026-07-18,DevOps,build failures are blocking scheduled releases during the morning. the issue was reported by several employees.,5,6,Deployment & CI,2026-07-13
OP0436,2026-07-18,Customer Support,customers receive errors while completing purchases during normal business hours. the problem is causing delays for routine work.,0,4,Payments & Checkout,2026-07-13
OP0111,2026-07-18,Customer Support,online payment attempts sometimes fail unexpectedly during the afternoon. the problem is still occurring.,9,4,Payments & Checkout,2026-07-13
OP0496,2026-07-18,HR,managers report a growing backlog of pending requests during peak usage. the problem is still occurring.,5,2,Employee Approvals,2026-07-13
OP0769,2026-07-18,Customer Support,customers receive errors while completing purchases during peak usage. the issue was reported by several employees.,0,4,Payments & Checkout,2026-07-13
OP0447,2026-07-18,Security,unusual access attempts have been reported by employees after a recent update. the issue was noticed during normal operations.,4,3,Security & Authentication,2026-07-13
OP0341,2026-07-18,Operations,warehouse data is arriving later than expected during peak usage. the team has requested investigation.,5,5,Inventory & Synchronization,2026-07-13
OP0590,2026-07-18,Customer Support,users are unable to complete transactions after entering payment details during the afternoon. the problem is causing delays for routine work.,2,4,Payments & Checkout,2026-07-13
OP0398,2026-07-18,IT,employees experience repeated network timeouts near the end of the workday. the problem has occurred repeatedly this week.,7,7,Network & VPN,2026-07-13
OP0339,2026-07-18,DevOps,build failures are blocking scheduled releases during remote access. employees say the issue is becoming more frequent.,1,6,Deployment & CI,2026-07-13
OP0326,2026-07-18,DevOps,build failures are blocking scheduled releases during peak usage. the problem is still occurring.,5,6,Deployment & CI,2026-07-13
OP0574,2026-07-18,Product,customers are struggling to find features after the redesign when workload increases. the team has requested investigation.,3,1,Product & UI Usability,2026-07-13
OP0047,2026-07-18,Database,application requests experience database timeouts during normal business hours. the problem is causing delays for routine work.,2,0,Database & Performance,2026-07-13
OP0928,2026-07-18,Customer Support,checkout requests occasionally stop responding near the end of the workday. the problem is still occurring.,7,4,Payments & Checkout,2026-07-13
OP0459,2026-07-18,IT,employees cannot reliably connect to the corporate network during peak usage. the issue became noticeable after a recent change.,8,7,Network & VPN,2026-07-13
OP0532,2026-07-18,Product,customers are struggling to find features after the redesign during peak usage. the issue became noticeable after a recent change.,3,1,Product & UI Usability,2026-07-13
OP0268,2026-07-19,Communication,project updates are arriving too late for affected teams during the afternoon. the issue became noticeable after a recent change.,7,9,Internal Communication,2026-07-13
OP0288,2026-07-19,Product,customers are struggling to find features after the redesign during remote access. the problem is still occurring.,3,1,Product & UI Usability,2026-07-13
OP0491,2026-07-19,Security,staff members are receiving repeated unexpected sign-in prompts after a recent update. the issue was reported by several employees.,7,3,Security & Authentication,2026-07-13
OP0533,2026-07-19,Customer Support,online payment attempts sometimes fail unexpectedly during normal business hours. several users have described similar behavior.,9,4,Payments & Checkout,2026-07-13
OP0913,2026-07-19,Operations,stock information is frequently out of date near the end of the workday. the issue was noticed during normal operations.,7,5,Inventory & Synchronization,2026-07-13
OP0267,2026-07-19,Security,users report suspicious authentication activity during peak usage. the issue was reported by several employees.,4,3,Security & Authentication,2026-07-13
OP0931,2026-07-19,Facilities,reserved rooms are sometimes occupied by other teams during the afternoon. the issue was reported by several employees.,6,8,Meeting Room Management,2026-07-13
OP0354,2026-07-19,Security,unusual access attempts have been reported by employees during the morning. the team says it is affecting productivity.,4,3,Security & Authentication,2026-07-13
OP0412,2026-07-19,Communication,important decisions are not reaching all team members near the end of the workday. the team says it is affecting productivity.,7,9,Internal Communication,2026-07-13
OP0160,2026-07-20,DevOps,release automation is generating repeated errors during peak usage. the issue was reported by several employees.,4,6,Deployment & CI,2026-07-20
OP0866,2026-07-20,Database,database queries are taking longer than expected during the afternoon. the issue became noticeable after a recent change.,7,0,Database & Performance,2026-07-20
OP0852,2026-07-20,Operations,warehouse data is arriving later than expected during the morning. the team says it is affecting productivity.,5,5,Inventory & Synchronization,2026-07-20
OP0906,2026-07-20,Product,customers report that important controls are difficult to locate after a recent update. several users have described similar behavior.,3,1,Product & UI Usability,2026-07-20
OP0194,2026-07-20,Customer Support,customers are reporting repeated payment failures during normal business hours. several users have described similar behavior.,7,4,Payments & Checkout,2026-07-20
OP0710,2026-07-20,Facilities,teams are reporting repeated meeting-room conflicts during normal business hours. the problem is causing delays for routine work.,2,8,Meeting Room Management,2026-07-20
OP0992,2026-07-20,Customer Support,online payment attempts sometimes fail unexpectedly when workload increases. the issue became noticeable after a recent change.,9,4,Payments & Checkout,2026-07-20
OP0476,2026-07-20,Product,recent ui changes have increased support requests near the end of the workday. the issue became noticeable after a recent change.,7,1,Product & UI Usability,2026-07-20
OP0169,2026-07-20,Facilities,meeting rooms are unavailable despite being reserved after a recent update. the problem is causing delays for routine work.,2,8,Meeting Room Management,2026-07-20
OP0916,2026-07-20,IT,remote access to internal systems is unstable near the end of the workday. the problem is causing delays for routine work.,2,7,Network & VPN,2026-07-20
OP0199,2026-07-20,Operations,warehouse data is arriving later than expected near the end of the workday. the issue became noticeable after a recent change.,7,5,Inventory & Synchronization,2026-07-20
OP0656,2026-07-20,Database,application requests experience database timeouts during the afternoon. employees say the issue is becoming more frequent.,1,0,Database & Performance,2026-07-20
OP0499,2026-07-20,Facilities,conference rooms appear double-booked during the afternoon. the issue was noticed during normal operations.,7,8,Meeting Room Management,2026-07-20
OP0756,2026-07-20,Customer Support,online payment attempts sometimes fail unexpectedly after a recent update. several users have described similar behavior.,9,4,Payments & Checkout,2026-07-20
OP0312,2026-07-20,Communication,project information is scattered across multiple channels near the end of the workday. employees say the issue is becoming more frequent.,1,9,Internal Communication,2026-07-20
OP0810,2026-07-20,Database,several services are losing their database connections near the end of the workday. the problem is still occurring.,7,0,Database & Performance,2026-07-20
OP0414,2026-07-20,IT,network access becomes slow during peak hours near the end of the workday. the problem is still occurring.,6,7,Network & VPN,2026-07-20
OP0072,2026-07-21,IT,employees cannot reliably connect to the corporate network when workload increases. the team says it is affecting productivity.,8,7,Network & VPN,2026-07-20
OP0317,2026-07-21,Customer Support,users are unable to complete transactions after entering payment details near the end of the workday. the issue became noticeable after a recent change.,7,4,Payments & Checkout,2026-07-20
OP0811,2026-07-21,Product,users are having difficulty completing common tasks after the update during the morning. the issue was reported by several employees.,4,9,Internal Communication,2026-07-20
OP0680,2026-07-21,Product,recent ui changes have increased support requests after a recent update. employees say the issue is becoming more frequent.,1,1,Product & UI Usability,2026-07-20
OP0165,2026-07-21,HR,leave requests are taking too long to get approved during the afternoon. the team says it is affecting productivity.,4,2,Employee Approvals,2026-07-20
OP0936,2026-07-21,IT,employees cannot reliably connect to the corporate network during the morning. the issue was noticed during normal operations.,8,7,Network & VPN,2026-07-20
OP0930,2026-07-21,Security,accounts are generating unexpected security alerts during the morning. the problem is causing delays for routine work.,2,3,Security & Authentication,2026-07-20
OP0878,2026-07-21,Database,several services are losing their database connections during peak usage. the problem is causing delays for routine work.,2,0,Database & Performance,2026-07-20
OP0707,2026-07-21,Facilities,reserved rooms are sometimes occupied by other teams near the end of the workday. the team says it is affecting productivity.,7,8,Meeting Room Management,2026-07-20
OP0187,2026-07-21,DevOps,deployment pipeline fails after recent code changes after a recent update. employees say the issue is becoming more frequent.,1,6,Deployment & CI,2026-07-20
OP0929,2026-07-21,DevOps,deployment jobs are waiting unusually long for resources during normal business hours. the issue was noticed during normal operations.,4,6,Deployment & CI,2026-07-20
OP0703,2026-07-21,Operations,inventory records are becoming inconsistent across systems after a recent update. employees say the issue is becoming more frequent.,1,5,Inventory & Synchronization,2026-07-20
OP0065,2026-07-21,DevOps,build jobs are taking unusually long to complete when workload increases. the problem is still occurring.,4,6,Deployment & CI,2026-07-20
OP0894,2026-07-22,Security,unusual access attempts have been reported by employees after a recent update. the issue was reported by several employees.,4,3,Security & Authentication,2026-07-20
OP0886,2026-07-22,Communication,employees are receiving conflicting instructions near the end of the workday. the problem is still occurring.,7,9,Internal Communication,2026-07-20
OP0098,2026-07-22,Operations,inventory quantities differ between operational systems during normal business hours. the issue was noticed during normal operations.,4,5,Inventory & Synchronization,2026-07-20
OP0772,2026-07-22,IT,network access becomes slow during peak hours after a recent update. several users have described similar behavior.,6,7,Network & VPN,2026-07-20
OP0812,2026-07-22,Product,the redesigned interface is increasing task completion time during normal business hours. the team has requested investigation.,5,1,Product & UI Usability,2026-07-20
OP0981,2026-07-22,Customer Support,customers are reporting repeated payment failures after a recent update. the problem has occurred repeatedly this week.,7,4,Payments & Checkout,2026-07-20
OP0578,2026-07-22,Facilities,reserved rooms are sometimes occupied by other teams during normal business hours. the team has requested investigation.,6,8,Meeting Room Management,2026-07-20
OP0014,2026-07-22,Security,multiple accounts show unfamiliar sign-in attempts during the afternoon. several users have described similar behavior.,7,3,Security & Authentication,2026-07-20
OP0580,2026-07-22,IT,employees cannot reliably connect to the corporate network when workload increases. the issue was noticed during normal operations.,8,7,Network & VPN,2026-07-20
OP0379,2026-07-22,HR,requests are moving slowly between approval stages during peak usage. employees say the issue is becoming more frequent.,1,2,Employee Approvals,2026-07-20
OP0586,2026-07-22,Communication,project updates are arriving too late for affected teams near the end of the workday. the problem is still occurring.,7,9,Internal Communication,2026-07-20
OP0824,2026-07-22,Product,recent ui changes have increased support requests during the morning. the problem has occurred repeatedly this week.,5,1,Product & UI Usability,2026-07-20
OP0802,2026-07-22,Facilities,reserved rooms are sometimes occupied by other teams near the end of the workday. the team has requested investigation.,7,8,Meeting Room Management,2026-07-20
OP0779,2026-07-22,DevOps,ci jobs are frequently stopping before completion when workload increases. the problem is causing delays for routine work.,2,2,Employee Approvals,2026-07-20
OP0940,2026-07-23,Facilities,teams are reporting repeated meeting-room conflicts when workload increases. the issue was reported by several employees.,7,8,Meeting Room Management,2026-07-20
OP0340,2026-07-23,IT,employees cannot reliably connect to the corporate network during remote access. the problem is causing delays for routine work.,8,7,Network & VPN,2026-07-20
OP0934,2026-07-23,Customer Support,customers are reporting repeated payment failures during the morning. employees say the issue is becoming more frequent.,1,4,Payments & Checkout,2026-07-20
OP0290,2026-07-23,HR,requests are moving slowly between approval stages during the afternoon. the team says it is affecting productivity.,5,2,Employee Approvals,2026-07-20
OP0957,2026-07-23,IT,internal applications become unreachable from remote locations near the end of the workday. the problem is still occurring.,7,7,Network & VPN,2026-07-20
OP0693,2026-07-23,Communication,different departments are working from inconsistent information after a recent update. the problem is still occurring.,4,9,Internal Communication,2026-07-20
OP0694,2026-07-23,Facilities,employees cannot reliably access reserved meeting spaces during peak usage. several users have described similar behavior.,8,8,Meeting Room Management,2026-07-20
OP0895,2026-07-23,Product,customers are struggling to find features after the redesign during peak usage. the team has requested investigation.,3,1,Product & UI Usability,2026-07-20
OP0685,2026-07-23,Database,applications intermittently fail when accessing stored data when workload increases. the team has requested investigation.,9,0,Database & Performance,2026-07-20
OP0670,2026-07-23,Operations,inventory updates are not reflected quickly in the system near the end of the workday. the issue became noticeable after a recent change.,7,5,Inventory & Synchronization,2026-07-20
OP0733,2026-07-23,Communication,teams are struggling to keep track of project changes during the morning. the team has requested investigation.,3,9,Internal Communication,2026-07-20
OP0086,2026-07-23,Security,employees are receiving unexpected login notifications when workload increases. the problem has occurred repeatedly this week.,7,3,Security & Authentication,2026-07-20
OP0210,2026-07-23,Facilities,teams are reporting repeated meeting-room conflicts during peak usage. the team says it is affecting productivity.,7,8,Meeting Room Management,2026-07-20
OP0742,2026-07-23,HR,routine employee requests require excessive approval time during the morning. the problem is causing delays for routine work.,2,2,Employee Approvals,2026-07-20
OP0572,2026-07-24,DevOps,build jobs are taking unusually long to complete during the afternoon. several users have described similar behavior.,4,6,Deployment & CI,2026-07-20
OP0950,2026-07-24,Security,multiple accounts show unfamiliar sign-in attempts when workload increases. employees say the issue is becoming more frequent.,1,3,Security & Authentication,2026-07-20
OP0911,2026-07-24,HR,employee approval requests remain pending for several days when workload increases. the team says it is affecting productivity.,5,2,Employee Approvals,2026-07-20
OP0057,2026-07-24,Product,customers are struggling to find features after the redesign during the afternoon. the issue was reported by several employees.,3,1,Product & UI Usability,2026-07-20
OP0438,2026-07-24,Security,multiple accounts show unfamiliar sign-in attempts when workload increases. the team has requested investigation.,7,3,Security & Authentication,2026-07-20
OP0360,2026-07-24,Customer Support,users cannot reliably complete the checkout process during the morning. the problem has occurred repeatedly this week.,8,4,Payments & Checkout,2026-07-20
OP0848,2026-07-24,Customer Support,customers receive errors while completing purchases during the afternoon. the team says it is affecting productivity.,0,4,Payments & Checkout,2026-07-20
OP0804,2026-07-24,Facilities,teams are reporting repeated meeting-room conflicts during normal business hours. the team has requested investigation.,7,8,Meeting Room Management,2026-07-20
OP0150,2026-07-25,Customer Support,online payment attempts sometimes fail unexpectedly during the afternoon. the issue was noticed during normal operations.,9,4,Payments & Checkout,2026-07-20
OP0151,2026-07-25,Security,employees are receiving unexpected login notifications during peak usage. the problem is causing delays for routine work.,2,3,Security & Authentication,2026-07-20
OP0392,2026-07-25,HR,routine employee requests require excessive approval time during remote access. the problem is still occurring.,5,2,Employee Approvals,2026-07-20
OP0724,2026-07-25,Operations,stock information is frequently out of date after a recent update. the team says it is affecting productivity.,4,5,Inventory & Synchronization,2026-07-20
OP0413,2026-07-25,Database,database connections drop during periods of high traffic during the afternoon. employees say the issue is becoming more frequent.,1,0,Database & Performance,2026-07-20
OP0708,2026-07-25,IT,vpn connection drops during remote work after a recent update. the problem is still occurring.,4,7,Network & VPN,2026-07-20
OP1000,2026-07-25,Product,the redesigned interface is increasing task completion time near the end of the workday. several users have described similar behavior.,5,1,Product & UI Usability,2026-07-20
OP0094,2026-07-25,Facilities,reserved rooms are sometimes occupied by other teams during peak usage. several users have described similar behavior.,6,8,Meeting Room Management,2026-07-20
OP0054,2026-07-25,Product,customers report that important controls are difficult to locate during peak usage. the team has requested investigation.,3,1,Product & UI Usability,2026-07-20
OP0482,2026-07-25,Communication,teams are struggling to keep track of project changes during the afternoon. the issue was reported by several employees.,3,9,Internal Communication,2026-07-20
OP0879,2026-07-25,HR,leave requests are taking too long to get approved when workload increases. employees say the issue is becoming more frequent.,1,2,Employee Approvals,2026-07-20
OP0847,2026-07-25,Communication,teams are struggling to keep track of project changes after a recent update. employees say the issue is becoming more frequent.,1,9,Internal Communication,2026-07-20
OP0168,2026-07-26,DevOps,deployment jobs are waiting unusually long for resources when workload increases. the issue was noticed during normal operations.,4,6,Deployment & CI,2026-07-20
OP0712,2026-07-26,Customer Support,users are unable to complete transactions after entering payment details during normal business hours. employees say the issue is becoming more frequent.,1,4,Payments & Checkout,2026-07-20
OP0972,2026-07-26,IT,network access becomes slow during peak hours during remote access. the problem has occurred repeatedly this week.,6,7,Network & VPN,2026-07-20
OP0665,2026-07-26,IT,employees experience repeated network timeouts during peak usage. the issue was noticed during normal operations.,6,7,Network & VPN,2026-07-20
OP0965,2026-07-26,Database,database queries are taking longer than expected near the end of the workday. the issue became noticeable after a recent change.,7,0,Database & Performance,2026-07-20
OP0289,2026-07-26,Database,database connections drop during periods of high traffic when workload increases. the team says it is affecting productivity.,7,0,Database & Performance,2026-07-20
OP0100,2026-07-26,Database,database performance has degraded under heavier workloads after a recent update. several users have described similar behavior.,7,0,Database & Performance,2026-07-20
OP0744,2026-07-26,IT,network access becomes slow during peak hours during remote access. the issue was reported by several employees.,6,7,Network & VPN,2026-07-20
OP0645,2026-07-26,Operations,warehouse records take too long to synchronize during normal business hours. employees say the issue is becoming more frequent.,1,5,Inventory & Synchronization,2026-07-20
OP0131,2026-07-26,Communication,project updates are arriving too late for affected teams near the end of the workday. the issue became noticeable after a recent change.,7,9,Internal Communication,2026-07-20
OP0790,2026-07-26,DevOps,build failures are blocking scheduled releases during normal business hours. the problem has occurred repeatedly this week.,5,6,Deployment & CI,2026-07-20
OP0126,2026-07-26,IT,employees experience repeated network timeouts after a recent update. the issue was reported by several employees.,6,7,Network & VPN,2026-07-20
OP0222,2026-07-26,Customer Support,online payment attempts sometimes fail unexpectedly during peak usage. the issue became noticeable after a recent change.,9,4,Payments & Checkout,2026-07-20
OP0835,2026-07-26,Security,several users noticed authentication events they do not recognize after a recent update. the problem is causing delays for routine work.,2,3,Security & Authentication,2026-07-20
OP0898,2026-07-27,Customer Support,online payment attempts sometimes fail unexpectedly during the morning. the issue was noticed during normal operations.,9,4,Payments & Checkout,2026-07-27
OP0962,2026-07-27,Security,multiple accounts show unfamiliar sign-in attempts near the end of the workday. the team has requested investigation.,7,3,Security & Authentication,2026-07-27
OP0275,2026-07-27,Facilities,teams are reporting repeated meeting-room conflicts during the morning. the issue was reported by several employees.,7,8,Meeting Room Management,2026-07-27
OP0926,2026-07-27,Security,unusual access attempts have been reported by employees near the end of the workday. several users have described similar behavior.,7,3,Security & Authentication,2026-07-27
OP0585,2026-07-27,Operations,inventory records are becoming inconsistent across systems after a recent update. the problem has occurred repeatedly this week.,4,5,Inventory & Synchronization,2026-07-27
OP0842,2026-07-27,Customer Support,users cannot reliably complete the checkout process when workload increases. the issue was reported by several employees.,8,4,Payments & Checkout,2026-07-27
OP0958,2026-07-27,Security,several users noticed authentication events they do not recognize during the morning. the issue was reported by several employees.,4,3,Security & Authentication,2026-07-27
OP0658,2026-07-27,Facilities,meeting rooms are unavailable despite being reserved during remote access. the problem is causing delays for routine work.,2,8,Meeting Room Management,2026-07-27
OP0969,2026-07-28,Facilities,meeting rooms are unavailable despite being reserved during the morning. the team says it is affecting productivity.,7,8,Meeting Room Management,2026-07-27
OP0051,2026-07-28,HR,employees are waiting too long for administrative approvals during normal business hours. the team has requested investigation.,4,2,Employee Approvals,2026-07-27
OP0018,2026-07-28,Customer Support,customers report that the payment page becomes unresponsive during remote access. the issue was noticed during normal operations.,3,4,Payments & Checkout,2026-07-27
OP0308,2026-07-28,IT,employees cannot reliably connect to the corporate network during peak usage. several users have described similar behavior.,8,7,Network & VPN,2026-07-27
OP0112,2026-07-28,HR,leave requests are taking too long to get approved during peak usage. the issue became noticeable after a recent change.,4,2,Employee Approvals,2026-07-27
OP0891,2026-07-28,Product,customers report that important controls are difficult to locate near the end of the workday. the issue was reported by several employees.,3,1,Product & UI Usability,2026-07-27
OP0607,2026-07-28,DevOps,deployment jobs are waiting unusually long for resources during the morning. the problem has occurred repeatedly this week.,4,6,Deployment & CI,2026-07-27
OP0420,2026-07-29,Database,application requests experience database timeouts when workload increases. several users have described similar behavior.,7,0,Database & Performance,2026-07-27
OP0749,2026-07-29,Operations,stock information is frequently out of date during the morning. the team says it is affecting productivity.,4,5,Inventory & Synchronization,2026-07-27
OP0638,2026-07-29,HR,leave requests are taking too long to get approved near the end of the workday. the issue was reported by several employees.,7,2,Employee Approvals,2026-07-27
OP0748,2026-07-29,HR,routine employee requests require excessive approval time after a recent update. employees say the issue is becoming more frequent.,1,2,Employee Approvals,2026-07-27
OP0678,2026-07-29,Customer Support,users cannot reliably complete the checkout process during remote access. the issue was reported by several employees.,8,4,Payments & Checkout,2026-07-27
OP0507,2026-07-29,Facilities,room availability does not match the booking system after a recent update. employees say the issue is becoming more frequent.,1,8,Meeting Room Management,2026-07-27
OP0696,2026-07-29,IT,remote access to internal systems is unstable during remote access. employees say the issue is becoming more frequent.,1,7,Network & VPN,2026-07-27
OP0764,2026-07-29,HR,managers report a growing backlog of pending requests during the afternoon. the problem is still occurring.,5,2,Employee Approvals,2026-07-27
OP0001,2026-07-29,DevOps,deployment pipeline fails after recent code changes after a recent update. several users have described similar behavior.,4,6,Deployment & CI,2026-07-27
OP0021,2026-07-29,Facilities,teams are reporting repeated meeting-room conflicts during remote access. the issue became noticeable after a recent change.,7,8,Meeting Room Management,2026-07-27
OP0230,2026-07-29,Operations,inventory updates are not reflected quickly in the system during remote access. employees say the issue is becoming more frequent.,1,5,Inventory & Synchronization,2026-07-27
OP0038,2026-07-29,Security,employees are receiving unexpected login notifications after a recent update. employees say the issue is becoming more frequent.,1,3,Security & Authentication,2026-07-27
OP0274,2026-07-29,Product,customers report that important controls are difficult to locate during the morning. several users have described similar behavior.,3,1,Product & UI Usability,2026-07-27
OP0309,2026-07-29,Security,accounts are generating unexpected security alerts after a recent update. the team has requested investigation.,7,3,Security & Authentication,2026-07-27
OP0322,2026-07-29,Product,customers are struggling to find features after the redesign during the afternoon. the issue became noticeable after a recent change.,3,1,Product & UI Usability,2026-07-27
OP0219,2026-07-29,Customer Support,users are unable to complete transactions after entering payment details during remote access. the issue was noticed during normal operations.,4,4,Payments & Checkout,2026-07-27
OP0264,2026-07-29,Product,customers are struggling to find features after the redesign during normal business hours. the team says it is affecting productivity.,3,1,Product & UI Usability,2026-07-27
OP0011,2026-07-30,Database,database performance has degraded under heavier workloads during the morning. the problem has occurred repeatedly this week.,7,0,Database & Performance,2026-07-27
OP0795,2026-07-30,Product,users are confused by the latest interface changes when workload increases. the problem has occurred repeatedly this week.,6,1,Product & UI Usability,2026-07-27
OP0946,2026-07-30,Customer Support,customers report that the payment page becomes unresponsive after a recent update. the issue became noticeable after a recent change.,3,4,Payments & Checkout,2026-07-27
OP0229,2026-07-30,Communication,important decisions are not reaching all team members during the afternoon. the problem is still occurring.,4,9,Internal Communication,2026-07-27
OP0782,2026-07-30,Database,application requests experience database timeouts during the morning. the issue became noticeable after a recent change.,7,0,Database & Performance,2026-07-27
OP0737,2026-07-30,Customer Support,online payment attempts sometimes fail unexpectedly during the afternoon. the team has requested investigation.,9,4,Payments & Checkout,2026-07-27
OP0242,2026-07-30,Product,customers are struggling to find features after the redesign after a recent update. employees say the issue is becoming more frequent.,3,1,Product & UI Usability,2026-07-27
OP0428,2026-07-30,IT,wi-fi connectivity is inconsistent on the office floor after a recent update. the problem is causing delays for routine work.,2,7,Network & VPN,2026-07-27
OP0003,2026-07-30,IT,vpn connection drops during remote work after a recent update. the problem has occurred repeatedly this week.,4,7,Network & VPN,2026-07-27
OP0686,2026-07-30,Operations,inventory updates are not reflected quickly in the system during the morning. the problem has occurred repeatedly this week.,4,5,Inventory & Synchronization,2026-07-27
OP0486,2026-07-31,Communication,project updates are arriving too late for affected teams near the end of the workday. the issue was noticed during normal operations.,7,9,Internal Communication,2026-07-27
OP0467,2026-07-31,IT,employees experience repeated network timeouts during the morning. the issue became noticeable after a recent change.,6,7,Network & VPN,2026-07-27
OP0078,2026-07-31,Product,the redesigned interface is increasing task completion time during peak usage. the issue became noticeable after a recent change.,5,1,Product & UI Usability,2026-07-27
OP0472,2026-07-31,Security,unusual access attempts have been reported by employees during remote access. employees say the issue is becoming more frequent.,1,3,Security & Authentication,2026-07-27
OP0951,2026-07-31,Database,several services are losing their database connections after a recent update. the issue was noticed during normal operations.,7,0,Database & Performance,2026-07-27
OP0859,2026-07-31,IT,vpn connection drops during remote work during normal business hours. the problem is still occurring.,4,7,Network & VPN,2026-07-27
OP0883,2026-07-31,Operations,warehouse records take too long to synchronize during peak usage. the problem is still occurring.,4,5,Inventory & Synchronization,2026-07-27
OP0442,2026-07-31,Database,database connections drop during periods of high traffic near the end of the workday. several users have described similar behavior.,7,0,Database & Performance,2026-07-27
OP0050,2026-07-31,Product,the redesigned interface is increasing task completion time during the afternoon. the issue was reported by several employees.,5,1,Product & UI Usability,2026-07-27
OP0477,2026-07-31,Customer Support,customers receive errors while completing purchases during normal business hours. the team says it is affecting productivity.,0,4,Payments & Checkout,2026-07-27
OP0109,2026-07-31,Database,applications intermittently fail when accessing stored data during normal business hours. several users have described similar behavior.,9,0,Database & Performance,2026-07-27
OP0813,2026-07-31,DevOps,build failures are blocking scheduled releases during remote access. the team has requested investigation.,5,6,Deployment & CI,2026-07-27
OP0504,2026-07-31,DevOps,deployment pipeline fails after recent code changes during peak usage. the problem is causing delays for routine work.,2,6,Deployment & CI,2026-07-27
OP0110,2026-07-31,Customer Support,customers receive errors while completing purchases when workload increases. the problem has occurred repeatedly this week.,0,4,Payments & Checkout,2026-07-27
OP0367,2026-07-31,Database,database connections drop during periods of high traffic during peak usage. the issue was noticed during normal operations.,7,0,Database & Performance,2026-07-27
OP0237,2026-07-31,Security,multiple accounts show unfamiliar sign-in attempts during normal business hours. the team has requested investigation.,7,3,Security & Authentication,2026-07-27
OP0980,2026-07-31,HR,leave requests are taking too long to get approved during peak usage. the issue was reported by several employees.,4,2,Employee Approvals,2026-07-27
OP0338,2026-07-31,IT,employees cannot reliably connect to the corporate network during remote access. the problem has occurred repeatedly this week.,8,7,Network & VPN,2026-07-27
OP0300,2026-08-01,DevOps,release automation is generating repeated errors during the morning. the team says it is affecting productivity.,4,6,Deployment & CI,2026-07-27
OP0644,2026-08-01,Database,database response time becomes slow during peak usage when workload increases. employees say the issue is becoming more frequent.,1,0,Database & Performance,2026-07-27
OP0427,2026-08-01,Customer Support,users cannot reliably complete the checkout process after a recent update. the problem has occurred repeatedly this week.,8,4,Payments & Checkout,2026-07-27
OP0551,2026-08-01,Product,users are having difficulty completing common tasks after the update during the afternoon. the problem has occurred repeatedly this week.,4,9,Internal Communication,2026-07-27
OP0391,2026-08-01,Facilities,meeting-space bookings are frequently causing scheduling conflicts near the end of the workday. employees say the issue is becoming more frequent.,1,8,Meeting Room Management,2026-07-27
OP0637,2026-08-01,Product,users are confused by the latest interface changes during the morning. the issue was reported by several employees.,6,1,Product & UI Usability,2026-07-27
OP0743,2026-08-01,Database,applications intermittently fail when accessing stored data during the morning. the issue was noticed during normal operations.,9,0,Database & Performance,2026-07-27
OP0952,2026-08-01,Customer Support,users cannot reliably complete the checkout process after a recent update. the issue was noticed during normal operations.,8,4,Payments & Checkout,2026-07-27
OP0080,2026-08-01,HR,managers report a growing backlog of pending requests near the end of the workday. the problem is still occurring.,5,2,Employee Approvals,2026-07-27
OP0046,2026-08-01,Facilities,reserved rooms are sometimes occupied by other teams during the afternoon. the problem is still occurring.,6,8,Meeting Room Management,2026-07-27
OP0485,2026-08-01,Database,application requests experience database timeouts during normal business hours. the problem has occurred repeatedly this week.,7,0,Database & Performance,2026-07-27
OP0777,2026-08-01,Product,customers are struggling to find features after the redesign during the morning. the issue was reported by several employees.,3,1,Product & UI Usability,2026-07-27
OP0042,2026-08-01,HR,managers report a growing backlog of pending requests during normal business hours. employees say the issue is becoming more frequent.,1,2,Employee Approvals,2026-07-27
OP0048,2026-08-01,Facilities,conference rooms appear double-booked during normal business hours. several users have described similar behavior.,7,8,Meeting Room Management,2026-07-27
OP0449,2026-08-01,Product,the new navigation is causing repeated user complaints after a recent update. the problem is causing delays for routine work.,2,1,Product & UI Usability,2026-07-27
OP0636,2026-08-02,Communication,project information is scattered across multiple channels during peak usage. the problem is still occurring.,4,9,Internal Communication,2026-07-27
OP0861,2026-08-02,Facilities,meeting-space bookings are frequently causing scheduling conflicts near the end of the workday. the problem has occurred repeatedly this week.,7,8,Meeting Room Management,2026-07-27
OP0258,2026-08-02,DevOps,production releases are being delayed by failed deployments during remote access. the issue became noticeable after a recent change.,6,6,Deployment & CI,2026-07-27
OP0070,2026-08-02,Database,database performance has degraded under heavier workloads during normal business hours. several users have described similar behavior.,7,0,Database & Performance,2026-07-27
OP0158,2026-08-02,Operations,warehouse records take too long to synchronize during the morning. the team says it is affecting productivity.,4,5,Inventory & Synchronization,2026-07-27
OP0547,2026-08-02,HR,managers report a growing backlog of pending requests after a recent update. several users have described similar behavior.,5,2,Employee Approvals,2026-07-27
OP0751,2026-08-02,Facilities,meeting-space bookings are frequently causing scheduling conflicts during normal business hours. the problem is still occurring.,7,8,Meeting Room Management,2026-07-27
OP0535,2026-08-02,Customer Support,customers receive errors while completing purchases during remote access. the problem has occurred repeatedly this week.,0,4,Payments & Checkout,2026-07-27
OP0825,2026-08-02,Operations,stock information is frequently out of date during the afternoon. the issue became noticeable after a recent change.,4,5,Inventory & Synchronization,2026-07-27
OP0922,2026-08-02,Customer Support,checkout requests occasionally stop responding near the end of the workday. the problem is causing delays for routine work.,2,4,Payments & Checkout,2026-07-27
OP0174,2026-08-02,Communication,teams are missing important project updates during remote access. the issue became noticeable after a recent change.,4,9,Internal Communication,2026-07-27
OP0927,2026-08-02,HR,internal approval workflows are causing delays during normal business hours. the problem is causing delays for routine work.,2,2,Employee Approvals,2026-07-27
OP0089,2026-08-02,DevOps,ci jobs are frequently stopping before completion after a recent update. employees say the issue is becoming more frequent.,1,2,Employee Approvals,2026-07-27
OP0337,2026-08-02,Operations,inventory updates are not reflected quickly in the system during remote access. the issue became noticeable after a recent change.,4,5,Inventory & Synchronization,2026-07-27
OP0344,2026-08-02,Customer Support,checkout requests occasionally stop responding during normal business hours. the issue became noticeable after a recent change.,4,4,Payments & Checkout,2026-07-27
OP0318,2026-08-02,Database,applications intermittently fail when accessing stored data during peak usage. employees say the issue is becoming more frequent.,9,0,Database & Performance,2026-07-27
OP0900,2026-08-03,DevOps,deployment jobs are waiting unusually long for resources when workload increases. the problem is causing delays for routine work.,2,6,Deployment & CI,2026-08-03
OP0008,2026-08-03,Facilities,meeting rooms are unavailable despite being reserved during remote access. the problem is still occurring.,7,8,Meeting Room Management,2026-08-03
OP0488,2026-08-03,Product,customers report that important controls are difficult to locate when workload increases. the problem is still occurring.,3,1,Product & UI Usability,2026-08-03
OP0361,2026-08-03,Operations,stock changes are missing from the dashboard during the afternoon. the issue became noticeable after a recent change.,4,5,Inventory & Synchronization,2026-08-03
OP0890,2026-08-03,Customer Support,users are unable to complete transactions after entering payment details after a recent update. the team says it is affecting productivity.,4,4,Payments & Checkout,2026-08-03
OP0060,2026-08-03,Facilities,reserved rooms are sometimes occupied by other teams during remote access. employees say the issue is becoming more frequent.,1,8,Meeting Room Management,2026-08-03
OP0444,2026-08-03,Communication,project updates are arriving too late for affected teams during the morning. employees say the issue is becoming more frequent.,1,9,Internal Communication,2026-08-03
OP0108,2026-08-03,Operations,stock information is frequently out of date during normal business hours. the team has requested investigation.,4,5,Inventory & Synchronization,2026-08-03
OP0027,2026-08-03,Facilities,conference rooms appear double-booked during the morning. the team has requested investigation.,7,8,Meeting Room Management,2026-08-03
OP0061,2026-08-03,Database,database performance has degraded under heavier workloads after a recent update. the problem is still occurring.,7,0,Database & Performance,2026-08-03
OP0019,2026-08-03,Operations,inventory quantities differ between operational systems during peak usage. the team has requested investigation.,4,5,Inventory & Synchronization,2026-08-03
OP0623,2026-08-03,IT,internal applications become unreachable from remote locations during the morning. the problem has occurred repeatedly this week.,4,7,Network & VPN,2026-08-03
OP0227,2026-08-03,Security,employees are receiving unexpected login notifications during the morning. the issue became noticeable after a recent change.,7,3,Security & Authentication,2026-08-03
OP0228,2026-08-03,Product,users are confused by the latest interface changes during remote access. the team has requested investigation.,6,1,Product & UI Usability,2026-08-03
OP0947,2026-08-03,Security,staff members are receiving repeated unexpected sign-in prompts during the morning. the problem is still occurring.,7,3,Security & Authentication,2026-08-03
OP0800,2026-08-04,HR,internal approval workflows are causing delays during normal business hours. the problem is still occurring.,2,2,Employee Approvals,2026-08-03
OP0172,2026-08-04,DevOps,ci jobs are frequently stopping before completion near the end of the workday. several users have described similar behavior.,7,2,Employee Approvals,2026-08-03
OP0266,2026-08-04,Product,the redesigned interface is increasing task completion time during the morning. employees say the issue is becoming more frequent.,1,1,Product & UI Usability,2026-08-03
OP0149,2026-08-04,Product,recent ui changes have increased support requests during normal business hours. the problem is still occurring.,5,1,Product & UI Usability,2026-08-03
OP0175,2026-08-04,IT,vpn connection drops during remote work during the morning. the issue was noticed during normal operations.,4,7,Network & VPN,2026-08-03
OP0185,2026-08-04,Operations,inventory records are becoming inconsistent across systems after a recent update. the issue was reported by several employees.,4,5,Inventory & Synchronization,2026-08-03
OP0738,2026-08-04,HR,internal approval workflows are causing delays during remote access. the team has requested investigation.,2,2,Employee Approvals,2026-08-03
OP0639,2026-08-04,Security,multiple accounts show unfamiliar sign-in attempts during remote access. the issue became noticeable after a recent change.,7,3,Security & Authentication,2026-08-03
OP0006,2026-08-05,HR,managers report a growing backlog of pending requests during remote access. the issue became noticeable after a recent change.,5,2,Employee Approvals,2026-08-03
OP0617,2026-08-05,Facilities,employees cannot reliably access reserved meeting spaces after a recent update. the team says it is affecting productivity.,8,8,Meeting Room Management,2026-08-03
OP0293,2026-08-05,DevOps,ci jobs are frequently stopping before completion when workload increases. the team has requested investigation.,4,2,Employee Approvals,2026-08-03
OP0142,2026-08-05,Database,database response time becomes slow during peak usage during remote access. several users have described similar behavior.,6,0,Database & Performance,2026-08-03
OP0566,2026-08-05,IT,wi-fi connectivity is inconsistent on the office floor after a recent update. the issue was noticed during normal operations.,4,7,Network & VPN,2026-08-03
OP0243,2026-08-05,Security,accounts are generating unexpected security alerts during the morning. the team says it is affecting productivity.,7,3,Security & Authentication,2026-08-03
OP0671,2026-08-05,Security,multiple accounts show unfamiliar sign-in attempts when workload increases. the team says it is affecting productivity.,7,3,Security & Authentication,2026-08-03
OP0512,2026-08-05,Operations,warehouse records take too long to synchronize during the afternoon. the issue was reported by several employees.,4,5,Inventory & Synchronization,2026-08-03
OP0262,2026-08-06,Facilities,employees cannot reliably access reserved meeting spaces during the morning. the issue became noticeable after a recent change.,8,8,Meeting Room Management,2026-08-03
OP0789,2026-08-06,DevOps,release automation is generating repeated errors during the afternoon. employees say the issue is becoming more frequent.,1,6,Deployment & CI,2026-08-03
OP0362,2026-08-06,Customer Support,customers are reporting repeated payment failures after a recent update. the team has requested investigation.,7,4,Payments & Checkout,2026-08-03
OP0973,2026-08-06,Communication,teams are struggling to keep track of project changes during peak usage. the problem is causing delays for routine work.,2,9,Internal Communication,2026-08-03
OP0985,2026-08-06,Facilities,employees cannot reliably access reserved meeting spaces after a recent update. the issue was noticed during normal operations.,8,8,Meeting Room Management,2026-08-03
OP0873,2026-08-06,DevOps,production releases are being delayed by failed deployments during the afternoon. several users have described similar behavior.,6,6,Deployment & CI,2026-08-03
OP0422,2026-08-06,Security,staff members are receiving repeated unexpected sign-in prompts when workload increases. the problem is still occurring.,7,3,Security & Authentication,2026-08-03
OP0999,2026-08-06,Database,database queries are taking longer than expected when workload increases. employees say the issue is becoming more frequent.,1,0,Database & Performance,2026-08-03
OP0841,2026-08-06,IT,remote access to internal systems is unstable during peak usage. several users have described similar behavior.,4,7,Network & VPN,2026-08-03
OP0303,2026-08-06,Security,employees are receiving unexpected login notifications near the end of the workday. the problem is causing delays for routine work.,2,3,Security & Authentication,2026-08-03
OP0709,2026-08-06,Facilities,reserved rooms are sometimes occupied by other teams when workload increases. the problem is causing delays for routine work.,2,8,Meeting Room Management,2026-08-03
OP0431,2026-08-06,Database,applications intermittently fail when accessing stored data during remote access. several users have described similar behavior.,9,7,Network & VPN,2026-08-03
OP0320,2026-08-06,DevOps,deployment jobs are waiting unusually long for resources during the afternoon. the problem is causing delays for routine work.,2,6,Deployment & CI,2026-08-03
OP0912,2026-08-06,Product,the new navigation is causing repeated user complaints during the morning. employees say the issue is becoming more frequent.,1,1,Product & UI Usability,2026-08-03
OP0153,2026-08-07,Communication,employees are receiving conflicting instructions after a recent update. the problem has occurred repeatedly this week.,7,9,Internal Communication,2026-08-03
OP0780,2026-08-07,DevOps,build failures are blocking scheduled releases when workload increases. the issue was reported by several employees.,5,6,Deployment & CI,2026-08-03
OP0492,2026-08-07,IT,employees cannot reliably connect to the corporate network near the end of the workday. the problem is causing delays for routine work.,2,7,Network & VPN,2026-08-03
OP0797,2026-08-07,DevOps,build failures are blocking scheduled releases during the morning. the team says it is affecting productivity.,5,6,Deployment & CI,2026-08-03
OP0166,2026-08-07,IT,network access becomes slow during peak hours during normal business hours. the team has requested investigation.,6,7,Network & VPN,2026-08-03
OP0579,2026-08-07,DevOps,release automation is generating repeated errors after a recent update. the issue was reported by several employees.,4,6,Deployment & CI,2026-08-03
OP0390,2026-08-07,Database,application requests experience database timeouts during the morning. the problem has occurred repeatedly this week.,7,0,Database & Performance,2026-08-03
OP0713,2026-08-07,DevOps,deployment pipeline fails after recent code changes during peak usage. the issue was noticed during normal operations.,4,6,Deployment & CI,2026-08-03
OP0762,2026-08-07,Product,recent ui changes have increased support requests during peak usage. the team says it is affecting productivity.,5,1,Product & UI Usability,2026-08-03
OP0434,2026-08-07,Facilities,meeting-space bookings are frequently causing scheduling conflicts during peak usage. the team has requested investigation.,7,8,Meeting Room Management,2026-08-03
OP0446,2026-08-07,Product,customers report that important controls are difficult to locate during the afternoon. several users have described similar behavior.,3,1,Product & UI Usability,2026-08-03
OP0892,2026-08-07,HR,internal approval workflows are causing delays after a recent update. the issue became noticeable after a recent change.,2,2,Employee Approvals,2026-08-03
OP0146,2026-08-07,Operations,inventory records are becoming inconsistent across systems during the afternoon. the issue was reported by several employees.,4,5,Inventory & Synchronization,2026-08-03
OP0881,2026-08-07,Operations,warehouse data is arriving later than expected during the afternoon. the problem is causing delays for routine work.,2,5,Inventory & Synchronization,2026-08-03
OP0026,2026-08-07,Customer Support,users are unable to complete transactions after entering payment details during the afternoon. the problem is still occurring.,4,4,Payments & Checkout,2026-08-03
OP0342,2026-08-07,DevOps,deployment jobs are waiting unusually long for resources during the morning. the team has requested investigation.,4,6,Deployment & CI,2026-08-03
OP0276,2026-08-07,Customer Support,users cannot reliably complete the checkout process when workload increases. the team says it is affecting productivity.,8,4,Payments & Checkout,2026-08-03
OP0672,2026-08-07,Operations,stock information is frequently out of date after a recent update. the issue was reported by several employees.,4,5,Inventory & Synchronization,2026-08-03
OP0365,2026-08-08,Security,several users noticed authentication events they do not recognize when workload increases. the problem has occurred repeatedly this week.,4,3,Security & Authentication,2026-08-03
OP0096,2026-08-08,Customer Support,customers receive errors while completing purchases during the morning. the problem is causing delays for routine work.,0,4,Payments & Checkout,2026-08-03
OP0539,2026-08-08,Operations,warehouse records take too long to synchronize during peak usage. the issue became noticeable after a recent change.,4,5,Inventory & Synchronization,2026-08-03
OP0232,2026-08-08,DevOps,build jobs are taking unusually long to complete during the morning. the issue was reported by several employees.,4,6,Deployment & CI,2026-08-03
OP0407,2026-08-08,Communication,employees are receiving conflicting instructions near the end of the workday. the team says it is affecting productivity.,7,9,Internal Communication,2026-08-03
OP0116,2026-08-08,Facilities,room availability does not match the booking system during remote access. the issue was reported by several employees.,4,8,Meeting Room Management,2026-08-03
OP0819,2026-08-08,Product,users are having difficulty completing common tasks after the update during the afternoon. the issue was reported by several employees.,4,9,Internal Communication,2026-08-03
OP0570,2026-08-08,Security,accounts are generating unexpected security alerts during peak usage. the team has requested investigation.,7,3,Security & Authentication,2026-08-03
OP0968,2026-08-08,Product,customers report that important controls are difficult to locate during normal business hours. the problem is still occurring.,3,1,Product & UI Usability,2026-08-03
OP0028,2026-08-08,Product,the redesigned interface is increasing task completion time during the afternoon. the team says it is affecting productivity.,5,1,Product & UI Usability,2026-08-03
OP0383,2026-08-08,Operations,warehouse data is arriving later than expected when workload increases. the problem is causing delays for routine work.,2,5,Inventory & Synchronization,2026-08-03
OP0583,2026-08-08,Database,several services are losing their database connections after a recent update. the problem has occurred repeatedly this week.,7,0,Database & Performance,2026-08-03
OP0736,2026-08-08,Customer Support,online payment attempts sometimes fail unexpectedly during remote access. the issue was reported by several employees.,9,4,Payments & Checkout,2026-08-03
OP0603,2026-08-08,IT,network access becomes slow during peak hours during peak usage. the issue was noticed during normal operations.,6,7,Network & VPN,2026-08-03
OP0443,2026-08-08,Operations,inventory records are becoming inconsistent across systems during remote access. several users have described similar behavior.,4,5,Inventory & Synchronization,2026-08-03
OP0722,2026-08-08,Operations,stock changes are missing from the dashboard during normal business hours. the issue was noticed during normal operations.,4,5,Inventory & Synchronization,2026-08-03
OP0132,2026-08-08,DevOps,release automation is generating repeated errors during the afternoon. the issue was noticed during normal operations.,4,6,Deployment & CI,2026-08-03
OP0661,2026-08-08,Database,database response time becomes slow during peak usage during the morning. the issue became noticeable after a recent change.,6,0,Database & Performance,2026-08-03
OP0558,2026-08-09,DevOps,deployment pipeline fails after recent code changes during remote access. the team says it is affecting productivity.,4,6,Deployment & CI,2026-08-03
OP0035,2026-08-09,Communication,important decisions are not reaching all team members after a recent update. the issue was noticed during normal operations.,4,9,Internal Communication,2026-08-03
OP0294,2026-08-09,Communication,teams are missing important project updates during the afternoon. the problem is still occurring.,4,9,Internal Communication,2026-08-03
OP0031,2026-08-09,Operations,inventory updates are not reflected quickly in the system during remote access. the problem has occurred repeatedly this week.,4,5,Inventory & Synchronization,2026-08-03
OP0305,2026-08-09,DevOps,release automation is generating repeated errors during remote access. the team says it is affecting productivity.,4,6,Deployment & CI,2026-08-03
OP0130,2026-08-09,HR,internal approval workflows are causing delays during the morning. the problem has occurred repeatedly this week.,2,2,Employee Approvals,2026-08-03
OP0629,2026-08-09,Facilities,meeting rooms are unavailable despite being reserved during the morning. the team has requested investigation.,7,8,Meeting Room Management,2026-08-03
OP0350,2026-08-09,DevOps,deployment pipeline fails after recent code changes when workload increases. the problem is still occurring.,4,6,Deployment & CI,2026-08-03
OP0306,2026-08-09,Facilities,conference rooms appear double-booked during the afternoon. employees say the issue is becoming more frequent.,1,8,Meeting Room Management,2026-08-03
OP0888,2026-08-09,Operations,inventory quantities differ between operational systems during remote access. the team has requested investigation.,4,5,Inventory & Synchronization,2026-08-03
OP0977,2026-08-10,DevOps,build jobs are taking unusually long to complete after a recent update. the problem is still occurring.,4,6,Deployment & CI,2026-08-10
OP0540,2026-08-10,Security,unusual access attempts have been reported by employees during normal business hours. the issue was noticed during normal operations.,4,3,Security & Authentication,2026-08-10
OP0726,2026-08-10,Database,applications intermittently fail when accessing stored data when workload increases. the team says it is affecting productivity.,9,0,Database & Performance,2026-08-10
OP0513,2026-08-10,Product,users are having difficulty completing common tasks after the update during peak usage. the issue was reported by several employees.,4,9,Internal Communication,2026-08-10
OP0359,2026-08-10,HR,requests are moving slowly between approval stages near the end of the workday. the problem is still occurring.,7,2,Employee Approvals,2026-08-10
OP0364,2026-08-10,Operations,stock information is frequently out of date during the afternoon. the team has requested investigation.,4,5,Inventory & Synchronization,2026-08-10
OP0388,2026-08-10,Facilities,conference rooms appear double-booked during the afternoon. the problem is still occurring.,7,8,Meeting Room Management,2026-08-10
OP0854,2026-08-10,Communication,teams are struggling to keep track of project changes during the afternoon. the problem is still occurring.,3,9,Internal Communication,2026-08-10
OP0055,2026-08-10,Customer Support,users cannot reliably complete the checkout process during the morning. the issue was reported by several employees.,8,4,Payments & Checkout,2026-08-10
OP0198,2026-08-10,Facilities,conference rooms appear double-booked during the morning. the issue became noticeable after a recent change.,7,8,Meeting Room Management,2026-08-10
OP0204,2026-08-10,Security,accounts are generating unexpected security alerts near the end of the workday. the problem is causing delays for routine work.,2,3,Security & Authentication,2026-08-10
OP0870,2026-08-10,Facilities,room availability does not match the booking system near the end of the workday. the issue became noticeable after a recent change.,7,8,Meeting Room Management,2026-08-10
OP0181,2026-08-10,Product,users are confused by the latest interface changes during the afternoon. the team has requested investigation.,6,1,Product & UI Usability,2026-08-10
OP0949,2026-08-10,DevOps,release automation is generating repeated errors during normal business hours. the team says it is affecting productivity.,4,6,Deployment & CI,2026-08-10
OP0657,2026-08-10,DevOps,build jobs are taking unusually long to complete during normal business hours. the team has requested investigation.,4,2,Employee Approvals,2026-08-10
OP0571,2026-08-10,Communication,teams are struggling to keep track of project changes during peak usage. the problem has occurred repeatedly this week.,3,9,Internal Communication,2026-08-10
OP0325,2026-08-10,DevOps,production releases are being delayed by failed deployments during the morning. the issue was noticed during normal operations.,6,6,Deployment & CI,2026-08-10
OP0343,2026-08-10,Database,database connections drop during periods of high traffic during the morning. the issue was noticed during normal operations.,7,0,Database & Performance,2026-08-10
OP0923,2026-08-10,Product,users are confused by the latest interface changes after a recent update. the issue became noticeable after a recent change.,6,1,Product & UI Usability,2026-08-10
OP0560,2026-08-10,Operations,inventory updates are not reflected quickly in the system during normal business hours. the team has requested investigation.,4,5,Inventory & Synchronization,2026-08-10
OP0755,2026-08-11,Operations,inventory updates are not reflected quickly in the system when workload increases. the problem is still occurring.,4,5,Inventory & Synchronization,2026-08-10
OP0654,2026-08-11,Customer Support,online payment attempts sometimes fail unexpectedly near the end of the workday. the problem is still occurring.,9,4,Payments & Checkout,2026-08-10
OP0642,2026-08-11,DevOps,ci jobs are frequently stopping before completion when workload increases. several users have described similar behavior.,4,2,Employee Approvals,2026-08-10
OP0441,2026-08-11,DevOps,build jobs are taking unusually long to complete during normal business hours. the team says it is affecting productivity.,4,6,Deployment & CI,2026-08-10
OP0860,2026-08-11,Communication,teams are struggling to keep track of project changes during the morning. the issue was noticed during normal operations.,3,9,Internal Communication,2026-08-10
OP0138,2026-08-11,Operations,inventory quantities differ between operational systems when workload increases. the issue became noticeable after a recent change.,4,5,Inventory & Synchronization,2026-08-10
OP0776,2026-08-11,Product,customers are struggling to find features after the redesign during the morning. the problem is still occurring.,3,1,Product & UI Usability,2026-08-10
OP0406,2026-08-11,Operations,stock information is frequently out of date during peak usage. employees say the issue is becoming more frequent.,1,5,Inventory & Synchronization,2026-08-10
OP0349,2026-08-11,Communication,different departments are working from inconsistent information when workload increases. the team says it is affecting productivity.,4,9,Internal Communication,2026-08-10
OP0519,2026-08-11,Communication,different departments are working from inconsistent information near the end of the workday. employees say the issue is becoming more frequent.,1,9,Internal Communication,2026-08-10
OP0093,2026-08-11,Customer Support,checkout requests occasionally stop responding near the end of the workday. several users have described similar behavior.,7,4,Payments & Checkout,2026-08-10
OP0282,2026-08-11,Customer Support,customers report that the payment page becomes unresponsive during the morning. the issue became noticeable after a recent change.,3,4,Payments & Checkout,2026-08-10
OP0016,2026-08-11,Facilities,employees cannot reliably access reserved meeting spaces after a recent update. the problem is causing delays for routine work.,8,8,Meeting Room Management,2026-08-10
OP0375,2026-08-11,HR,internal approval workflows are causing delays during peak usage. the team says it is affecting productivity.,2,2,Employee Approvals,2026-08-10
OP0529,2026-08-11,IT,vpn connection drops during remote work during the afternoon. the problem is still occurring.,4,7,Network & VPN,2026-08-10
OP0030,2026-08-11,HR,requests are moving slowly between approval stages during the morning. the problem is causing delays for routine work.,2,2,Employee Approvals,2026-08-10
OP0562,2026-08-12,Database,database queries are taking longer than expected during peak usage. the team says it is affecting productivity.,7,0,Database & Performance,2026-08-10
OP0179,2026-08-12,Security,several users noticed authentication events they do not recognize during peak usage. the problem has occurred repeatedly this week.,4,3,Security & Authentication,2026-08-10
OP0178,2026-08-12,DevOps,ci jobs are frequently stopping before completion near the end of the workday. the problem is still occurring.,7,2,Employee Approvals,2026-08-10
OP0697,2026-08-12,Communication,teams are missing important project updates during peak usage. the team has requested investigation.,4,9,Internal Communication,2026-08-10
OP0409,2026-08-12,Customer Support,customers receive errors while completing purchases during remote access. the issue was reported by several employees.,0,4,Payments & Checkout,2026-08-10
OP0195,2026-08-12,Operations,stock changes are missing from the dashboard during remote access. the team has requested investigation.,4,5,Inventory & Synchronization,2026-08-10
OP0304,2026-08-12,Customer Support,customers are reporting repeated payment failures during peak usage. employees say the issue is becoming more frequent.,1,4,Payments & Checkout,2026-08-10
OP0435,2026-08-12,IT,vpn connection drops during remote work during the afternoon. several users have described similar behavior.,4,7,Network & VPN,2026-08-10
OP0857,2026-08-12,Security,multiple accounts show unfamiliar sign-in attempts during remote access. the issue was noticed during normal operations.,7,3,Security & Authentication,2026-08-10
OP0538,2026-08-12,Security,accounts are generating unexpected security alerts near the end of the workday. employees say the issue is becoming more frequent.,1,3,Security & Authentication,2026-08-10
OP0765,2026-08-12,Security,multiple accounts show unfamiliar sign-in attempts near the end of the workday. several users have described similar behavior.,7,3,Security & Authentication,2026-08-10
OP0884,2026-08-12,Database,database response time becomes slow during peak usage during normal business hours. the team has requested investigation.,6,0,Database & Performance,2026-08-10
OP0851,2026-08-12,HR,requests are moving slowly between approval stages during the morning. several users have described similar behavior.,5,2,Employee Approvals,2026-08-10
OP0970,2026-08-12,Customer Support,customers receive errors while completing purchases during normal business hours. the problem has occurred repeatedly this week.,0,4,Payments & Checkout,2026-08-10
OP0887,2026-08-12,Facilities,employees cannot reliably access reserved meeting spaces during peak usage. the problem is still occurring.,8,8,Meeting Room Management,2026-08-10
OP0286,2026-08-12,Customer Support,customers are reporting repeated payment failures after a recent update. the problem is still occurring.,7,4,Payments & Checkout,2026-08-10
OP0069,2026-08-13,HR,internal approval workflows are causing delays after a recent update. several users have described similar behavior.,2,2,Employee Approvals,2026-08-10
OP0302,2026-08-13,Security,users report suspicious authentication activity near the end of the workday. the issue became noticeable after a recent change.,7,3,Security & Authentication,2026-08-10
OP0975,2026-08-13,Operations,warehouse data is arriving later than expected during peak usage. the team says it is affecting productivity.,5,5,Inventory & Synchronization,2026-08-10
OP0820,2026-08-13,Product,users are having difficulty completing common tasks after the update during normal business hours. the issue was noticed during normal operations.,4,9,Internal Communication,2026-08-10
OP0690,2026-08-13,Security,several users noticed authentication events they do not recognize during the afternoon. the issue became noticeable after a recent change.,4,3,Security & Authentication,2026-08-10
OP0688,2026-08-13,Security,unusual access attempts have been reported by employees during peak usage. the issue was noticed during normal operations.,4,3,Security & Authentication,2026-08-10
OP0948,2026-08-13,Database,database response time becomes slow during peak usage near the end of the workday. the problem has occurred repeatedly this week.,6,0,Database & Performance,2026-08-10
OP0600,2026-08-13,Communication,project information is scattered across multiple channels during normal business hours. employees say the issue is becoming more frequent.,1,9,Internal Communication,2026-08-10
OP0386,2026-08-13,Facilities,room availability does not match the booking system after a recent update. the team has requested investigation.,4,8,Meeting Room Management,2026-08-10
OP0299,2026-08-13,HR,employee approval requests remain pending for several days during the afternoon. the team has requested investigation.,5,2,Employee Approvals,2026-08-10
OP0808,2026-08-13,Product,the redesigned interface is increasing task completion time after a recent update. employees say the issue is becoming more frequent.,1,1,Product & UI Usability,2026-08-10
OP0760,2026-08-13,IT,internal applications become unreachable from remote locations after a recent update. employees say the issue is becoming more frequent.,1,7,Network & VPN,2026-08-10
OP0140,2026-08-13,Database,applications intermittently fail when accessing stored data near the end of the workday. the team has requested investigation.,9,0,Database & Performance,2026-08-10
OP0961,2026-08-13,Customer Support,users cannot reliably complete the checkout process during normal business hours. several users have described similar behavior.,8,4,Payments & Checkout,2026-08-10
OP0311,2026-08-13,Product,the redesigned interface is increasing task completion time during the morning. the problem is causing delays for routine work.,2,1,Product & UI Usability,2026-08-10
OP0518,2026-08-13,DevOps,ci jobs are frequently stopping before completion during the afternoon. the issue was noticed during normal operations.,4,2,Employee Approvals,2026-08-10
OP0971,2026-08-14,Customer Support,online payment attempts sometimes fail unexpectedly when workload increases. the problem is still occurring.,9,4,Payments & Checkout,2026-08-10
OP0461,2026-08-14,Facilities,meeting rooms are unavailable despite being reserved during peak usage. the problem is causing delays for routine work.,2,8,Meeting Room Management,2026-08-10
OP0993,2026-08-14,Customer Support,customers report that the payment page becomes unresponsive during peak usage. the issue was reported by several employees.,3,4,Payments & Checkout,2026-08-10
OP0877,2026-08-14,Product,users are confused by the latest interface changes after a recent update. several users have described similar behavior.,6,1,Product & UI Usability,2026-08-10
OP0064,2026-08-14,Database,database queries are taking longer than expected during peak usage. several users have described similar behavior.,7,0,Database & Performance,2026-08-10
OP0938,2026-08-14,Customer Support,customers are reporting repeated payment failures during remote access. the problem is causing delays for routine work.,2,4,Payments & Checkout,2026-08-10
OP0616,2026-08-14,DevOps,build jobs are taking unusually long to complete near the end of the workday. the problem has occurred repeatedly this week.,7,6,Deployment & CI,2026-08-10
OP0559,2026-08-14,Security,staff members are receiving repeated unexpected sign-in prompts during normal business hours. the issue was noticed during normal operations.,7,3,Security & Authentication,2026-08-10
OP0919,2026-08-14,Facilities,conference rooms appear double-booked near the end of the workday. the team has requested investigation.,7,8,Meeting Room Management,2026-08-10
OP0133,2026-08-14,Communication,different departments are working from inconsistent information during the morning. the problem has occurred repeatedly this week.,4,9,Internal Communication,2026-08-10
OP0990,2026-08-14,Facilities,teams are reporting repeated meeting-room conflicts when workload increases. the problem is causing delays for routine work.,2,9,Internal Communication,2026-08-10
OP0719,2026-08-14,IT,remote access to internal systems is unstable during the afternoon. the problem has occurred repeatedly this week.,4,7,Network & VPN,2026-08-10
OP0387,2026-08-14,Communication,project information is scattered across multiple channels during remote access. the problem is still occurring.,4,7,Network & VPN,2026-08-10
OP0556,2026-08-14,Security,staff members are receiving repeated unexpected sign-in prompts during peak usage. the team has requested investigation.,7,3,Security & Authentication,2026-08-10
OP0082,2026-08-14,Operations,stock information is frequently out of date during normal business hours. the issue was noticed during normal operations.,4,5,Inventory & Synchronization,2026-08-10
OP0569,2026-08-14,Communication,important decisions are not reaching all team members during the afternoon. employees say the issue is becoming more frequent.,1,9,Internal Communication,2026-08-10
OP0903,2026-08-15,Customer Support,customers receive errors while completing purchases near the end of the workday. the issue was noticed during normal operations.,0,4,Payments & Checkout,2026-08-10
OP0208,2026-08-15,Security,accounts are generating unexpected security alerts when workload increases. the issue was reported by several employees.,7,3,Security & Authentication,2026-08-10
OP0896,2026-08-15,Communication,teams are struggling to keep track of project changes during normal business hours. the team says it is affecting productivity.,3,9,Internal Communication,2026-08-10
OP0076,2026-08-15,IT,employees cannot reliably connect to the corporate network during the morning. the problem is still occurring.,8,7,Network & VPN,2026-08-10
OP0345,2026-08-15,IT,employees experience repeated network timeouts when workload increases. the issue was noticed during normal operations.,6,7,Network & VPN,2026-08-10
OP0682,2026-08-15,IT,employees experience repeated network timeouts near the end of the workday. the issue was noticed during normal operations.,7,7,Network & VPN,2026-08-10
OP0761,2026-08-15,Database,database performance has degraded under heavier workloads during normal business hours. the problem is causing delays for routine work.,2,0,Database & Performance,2026-08-10
OP0683,2026-08-15,HR,leave requests are taking too long to get approved during remote access. the issue was noticed during normal operations.,4,2,Employee Approvals,2026-08-10
OP0077,2026-08-15,Database,database performance has degraded under heavier workloads during the afternoon. the issue was noticed during normal operations.,7,0,Database & Performance,2026-08-10
OP0575,2026-08-15,HR,internal approval workflows are causing delays during the morning. the team has requested investigation.,2,2,Employee Approvals,2026-08-10
OP0791,2026-08-15,Communication,project information is scattered across multiple channels after a recent update. several users have described similar behavior.,4,9,Internal Communication,2026-08-10
OP0505,2026-08-15,Database,database queries are taking longer than expected when workload increases. the problem is causing delays for routine work.,2,0,Database & Performance,2026-08-10
OP0550,2026-08-16,Product,the redesigned interface is increasing task completion time during the morning. the issue became noticeable after a recent change.,5,1,Product & UI Usability,2026-08-10
OP0400,2026-08-16,IT,network access becomes slow during peak hours after a recent update. the issue was reported by several employees.,6,7,Network & VPN,2026-08-10
OP0283,2026-08-16,HR,routine employee requests require excessive approval time during normal business hours. employees say the issue is becoming more frequent.,1,2,Employee Approvals,2026-08-10
OP0567,2026-08-16,DevOps,release automation is generating repeated errors during peak usage. the problem has occurred repeatedly this week.,4,6,Deployment & CI,2026-08-10
OP0822,2026-08-16,Security,unusual access attempts have been reported by employees during normal business hours. employees say the issue is becoming more frequent.,1,3,Security & Authentication,2026-08-10
OP0604,2026-08-16,HR,routine employee requests require excessive approval time during the afternoon. several users have described similar behavior.,5,2,Employee Approvals,2026-08-10
OP0399,2026-08-16,Customer Support,customers are reporting repeated payment failures near the end of the workday. the problem is still occurring.,7,4,Payments & Checkout,2026-08-10
OP0959,2026-08-16,Facilities,teams are reporting repeated meeting-room conflicts during remote access. the problem has occurred repeatedly this week.,7,8,Meeting Room Management,2026-08-10
OP0301,2026-08-16,Operations,inventory quantities differ between operational systems during peak usage. the problem is causing delays for routine work.,2,5,Inventory & Synchronization,2026-08-10
OP0784,2026-08-16,Communication,teams are struggling to keep track of project changes during the afternoon. the team says it is affecting productivity.,3,9,Internal Communication,2026-08-10
OP0631,2026-08-17,Product,the redesigned interface is increasing task completion time during peak usage. several users have described similar behavior.,5,1,Product & UI Usability,2026-08-17
OP0013,2026-08-17,Customer Support,customers receive errors while completing purchases during peak usage. the problem is still occurring.,0,4,Payments & Checkout,2026-08-17
OP0643,2026-08-17,DevOps,release automation is generating repeated errors during the morning. the team has requested investigation.,4,6,Deployment & CI,2026-08-17
OP0846,2026-08-17,Communication,different departments are working from inconsistent information after a recent update. the team has requested investigation.,4,9,Internal Communication,2026-08-17
OP0029,2026-08-17,Product,users are having difficulty completing common tasks after the update during peak usage. the issue was noticed during normal operations.,4,9,Internal Communication,2026-08-17
OP0716,2026-08-17,Facilities,conference rooms appear double-booked near the end of the workday. the problem is still occurring.,7,8,Meeting Room Management,2026-08-17
OP0651,2026-08-17,Database,applications intermittently fail when accessing stored data near the end of the workday. the problem is causing delays for routine work.,9,0,Database & Performance,2026-08-17
OP0074,2026-08-17,DevOps,deployment jobs are waiting unusually long for resources during the morning. the team says it is affecting productivity.,4,6,Deployment & CI,2026-08-17
OP0500,2026-08-17,IT,remote access to internal systems is unstable during normal business hours. the problem is causing delays for routine work.,2,7,Network & VPN,2026-08-17
OP0490,2026-08-17,Operations,inventory records are becoming inconsistent across systems after a recent update. the problem is still occurring.,4,5,Inventory & Synchronization,2026-08-17
OP0506,2026-08-17,Customer Support,users are unable to complete transactions after entering payment details during the afternoon. the issue became noticeable after a recent change.,4,4,Payments & Checkout,2026-08-17
OP0260,2026-08-17,DevOps,deployment pipeline fails after recent code changes during the afternoon. the issue became noticeable after a recent change.,4,6,Deployment & CI,2026-08-17
OP0270,2026-08-17,Facilities,room availability does not match the booking system during peak usage. the problem is still occurring.,4,8,Meeting Room Management,2026-08-17
OP0295,2026-08-17,Operations,inventory quantities differ between operational systems during the morning. the issue was reported by several employees.,4,5,Inventory & Synchronization,2026-08-17
OP0253,2026-08-18,HR,internal approval workflows are causing delays during remote access. employees say the issue is becoming more frequent.,1,2,Employee Approvals,2026-08-17
OP0475,2026-08-18,Product,the new navigation is causing repeated user complaints during remote access. the issue was reported by several employees.,4,1,Product & UI Usability,2026-08-17
OP0849,2026-08-18,HR,managers report a growing backlog of pending requests during the afternoon. the problem is causing delays for routine work.,2,2,Employee Approvals,2026-08-17
OP0901,2026-08-18,Communication,teams are struggling to keep track of project changes during peak usage. employees say the issue is becoming more frequent.,1,9,Internal Communication,2026-08-17
OP0493,2026-08-18,HR,leave requests are taking too long to get approved after a recent update. the problem is still occurring.,4,2,Employee Approvals,2026-08-17
OP0012,2026-08-18,Customer Support,customers report that the payment page becomes unresponsive during the afternoon. the issue was noticed during normal operations.,3,4,Payments & Checkout,2026-08-17
OP0269,2026-08-18,IT,vpn connection drops during remote work after a recent update. the problem is causing delays for routine work.,2,7,Network & VPN,2026-08-17
OP0542,2026-08-18,Communication,different departments are working from inconsistent information during remote access. the issue was noticed during normal operations.,4,7,Network & VPN,2026-08-17
OP0009,2026-08-18,IT,wi-fi connectivity is inconsistent on the office floor during the afternoon. the team has requested investigation.,4,7,Network & VPN,2026-08-17
OP0612,2026-08-18,Security,users report suspicious authentication activity during peak usage. several users have described similar behavior.,7,3,Security & Authentication,2026-08-17
OP0460,2026-08-18,Facilities,employees cannot reliably access reserved meeting spaces during normal business hours. the issue became noticeable after a recent change.,8,8,Meeting Room Management,2026-08-17
OP0759,2026-08-19,Customer Support,online payment attempts sometimes fail unexpectedly near the end of the workday. the issue became noticeable after a recent change.,9,4,Payments & Checkout,2026-08-17
OP0524,2026-08-19,Customer Support,users cannot reliably complete the checkout process during peak usage. the issue became noticeable after a recent change.,8,4,Payments & Checkout,2026-08-17
OP0516,2026-08-19,Facilities,reserved rooms are sometimes occupied by other teams during remote access. the problem is causing delays for routine work.,2,8,Meeting Room Management,2026-08-17
OP0677,2026-08-19,Operations,warehouse records take too long to synchronize during remote access. employees say the issue is becoming more frequent.,1,5,Inventory & Synchronization,2026-08-17
OP0565,2026-08-19,Communication,project information is scattered across multiple channels near the end of the workday. the team has requested investigation.,7,9,Internal Communication,2026-08-17
OP0215,2026-08-19,Customer Support,customers receive errors while completing purchases after a recent update. several users have described similar behavior.,0,4,Payments & Checkout,2026-08-17
OP0479,2026-08-19,Product,the new navigation is causing repeated user complaints during peak usage. the issue became noticeable after a recent change.,4,1,Product & UI Usability,2026-08-17
OP0568,2026-08-19,Customer Support,customers are reporting repeated payment failures during remote access. the team has requested investigation.,7,4,Payments & Checkout,2026-08-17
OP0576,2026-08-19,IT,network access becomes slow during peak hours after a recent update. the team says it is affecting productivity.,6,7,Network & VPN,2026-08-17
OP0530,2026-08-19,Facilities,meeting rooms are unavailable despite being reserved near the end of the workday. several users have described similar behavior.,7,8,Meeting Room Management,2026-08-17
OP0347,2026-08-19,Security,staff members are receiving repeated unexpected sign-in prompts during normal business hours. the issue became noticeable after a recent change.,7,3,Security & Authentication,2026-08-17
OP0997,2026-08-19,Facilities,room availability does not match the booking system during peak usage. the issue was noticed during normal operations.,4,8,Meeting Room Management,2026-08-17
OP0356,2026-08-19,DevOps,build jobs are taking unusually long to complete during remote access. the problem is still occurring.,4,6,Deployment & CI,2026-08-17
OP0336,2026-08-19,Product,users are having difficulty completing common tasks after the update during the morning. the problem is causing delays for routine work.,2,9,Internal Communication,2026-08-17
OP0324,2026-08-19,Facilities,teams are reporting repeated meeting-room conflicts after a recent update. the problem is still occurring.,7,8,Meeting Room Management,2026-08-17
OP0875,2026-08-20,HR,requests are moving slowly between approval stages during peak usage. the issue was noticed during normal operations.,4,2,Employee Approvals,2026-08-17
OP0714,2026-08-20,DevOps,ci jobs are frequently stopping before completion when workload increases. the problem has occurred repeatedly this week.,4,2,Employee Approvals,2026-08-17
OP0627,2026-08-20,Database,applications intermittently fail when accessing stored data during remote access. the team says it is affecting productivity.,9,7,Network & VPN,2026-08-17
OP0978,2026-08-20,Security,several users noticed authentication events they do not recognize when workload increases. several users have described similar behavior.,4,3,Security & Authentication,2026-08-17
OP0537,2026-08-20,DevOps,build jobs are taking unusually long to complete during the morning. several users have described similar behavior.,4,6,Deployment & CI,2026-08-17
OP0669,2026-08-20,Operations,inventory updates are not reflected quickly in the system near the end of the workday. the team says it is affecting productivity.,7,5,Inventory & Synchronization,2026-08-17
OP0955,2026-08-20,HR,routine employee requests require excessive approval time when workload increases. the problem is causing delays for routine work.,2,2,Employee Approvals,2026-08-17
OP0514,2026-08-20,IT,remote access to internal systems is unstable during peak usage. employees say the issue is becoming more frequent.,1,7,Network & VPN,2026-08-17
OP0592,2026-08-20,Database,application requests experience database timeouts after a recent update. the problem is still occurring.,7,0,Database & Performance,2026-08-17
OP0394,2026-08-20,Customer Support,customers receive errors while completing purchases during the afternoon. the issue was reported by several employees.,0,4,Payments & Checkout,2026-08-17
OP0826,2026-08-20,Communication,project information is scattered across multiple channels during the afternoon. the issue was noticed during normal operations.,4,9,Internal Communication,2026-08-17
OP0456,2026-08-20,Operations,warehouse data is arriving later than expected during the morning. several users have described similar behavior.,5,5,Inventory & Synchronization,2026-08-17
OP0423,2026-08-20,DevOps,release automation is generating repeated errors near the end of the workday. the problem is causing delays for routine work.,2,6,Deployment & CI,2026-08-17
OP0893,2026-08-20,HR,employees are waiting too long for administrative approvals during the afternoon. the problem is causing delays for routine work.,2,2,Employee Approvals,2026-08-17
OP0279,2026-08-20,Product,the redesigned interface is increasing task completion time during the afternoon. the problem is still occurring.,5,1,Product & UI Usability,2026-08-17
OP0285,2026-08-20,Communication,important decisions are not reaching all team members during the afternoon. the problem is causing delays for routine work.,2,9,Internal Communication,2026-08-17
OP0662,2026-08-21,Customer Support,users are unable to complete transactions after entering payment details during the morning. the team says it is affecting productivity.,4,4,Payments & Checkout,2026-08-17
OP0180,2026-08-21,Facilities,reserved rooms are sometimes occupied by other teams when workload increases. the team has requested investigation.,6,8,Meeting Room Management,2026-08-17
OP0353,2026-08-21,Customer Support,customers are reporting repeated payment failures during the afternoon. the issue was reported by several employees.,7,4,Payments & Checkout,2026-08-17
OP0563,2026-08-21,Product,the new navigation is causing repeated user complaints after a recent update. the team has requested investigation.,4,1,Product & UI Usability,2026-08-17
OP0641,2026-08-21,IT,remote access to internal systems is unstable during the morning. the issue was noticed during normal operations.,4,7,Network & VPN,2026-08-17
OP0757,2026-08-21,Product,the redesigned interface is increasing task completion time during the morning. the issue was noticed during normal operations.,5,1,Product & UI Usability,2026-08-17
OP0774,2026-08-21,HR,requests are moving slowly between approval stages near the end of the workday. the issue became noticeable after a recent change.,7,2,Employee Approvals,2026-08-17
OP0963,2026-08-21,Facilities,reserved rooms are sometimes occupied by other teams during remote access. the problem is still occurring.,6,8,Meeting Room Management,2026-08-17
OP0058,2026-08-21,DevOps,release automation is generating repeated errors after a recent update. the problem has occurred repeatedly this week.,4,6,Deployment & CI,2026-08-17
OP0017,2026-08-21,IT,remote access to internal systems is unstable during remote access. the issue was reported by several employees.,4,7,Network & VPN,2026-08-17
OP0594,2026-08-21,Facilities,room availability does not match the booking system during the afternoon. the problem has occurred repeatedly this week.,4,8,Meeting Room Management,2026-08-17
OP0103,2026-08-21,Communication,project information is scattered across multiple channels during normal business hours. the issue became noticeable after a recent change.,4,9,Internal Communication,2026-08-17
OP0833,2026-08-22,Operations,inventory records are becoming inconsistent across systems during peak usage. the team says it is affecting productivity.,4,5,Inventory & Synchronization,2026-08-17
OP0979,2026-08-22,Customer Support,customers receive errors while completing purchases during normal business hours. the problem is still occurring.,0,4,Payments & Checkout,2026-08-17
OP0869,2026-08-22,DevOps,release automation is generating repeated errors when workload increases. the issue was noticed during normal operations.,4,6,Deployment & CI,2026-08-17
OP0256,2026-08-22,Database,several services are losing their database connections after a recent update. the team has requested investigation.,7,0,Database & Performance,2026-08-17
OP0908,2026-08-22,Operations,inventory quantities differ between operational systems during peak usage. the issue was noticed during normal operations.,4,5,Inventory & Synchronization,2026-08-17
OP0701,2026-08-22,Facilities,room availability does not match the booking system during peak usage. the issue became noticeable after a recent change.,4,8,Meeting Room Management,2026-08-17
OP0473,2026-08-22,Customer Support,users cannot reliably complete the checkout process after a recent update. the problem is causing delays for routine work.,8,4,Payments & Checkout,2026-08-17
OP0370,2026-08-22,Customer Support,customers receive errors while completing purchases near the end of the workday. the team has requested investigation.,0,4,Payments & Checkout,2026-08-17
OP0183,2026-08-22,IT,wi-fi connectivity is inconsistent on the office floor during normal business hours. the problem is causing delays for routine work.,2,7,Network & VPN,2026-08-17
OP0614,2026-08-22,Operations,warehouse records take too long to synchronize during peak usage. the issue was noticed during normal operations.,4,5,Inventory & Synchronization,2026-08-17
OP0231,2026-08-22,DevOps,deployment jobs are waiting unusually long for resources when workload increases. the team has requested investigation.,4,6,Deployment & CI,2026-08-17
OP0448,2026-08-23,Operations,stock information is frequently out of date during remote access. the team has requested investigation.,4,5,Inventory & Synchronization,2026-08-17
OP0192,2026-08-23,HR,routine employee requests require excessive approval time when workload increases. the problem has occurred repeatedly this week.,5,2,Employee Approvals,2026-08-17
OP0557,2026-08-23,IT,network access becomes slow during peak hours when workload increases. the problem has occurred repeatedly this week.,6,7,Network & VPN,2026-08-17
OP0674,2026-08-23,DevOps,production releases are being delayed by failed deployments during peak usage. the issue became noticeable after a recent change.,6,6,Deployment & CI,2026-08-17
OP0573,2026-08-23,Security,several users noticed authentication events they do not recognize near the end of the workday. the team says it is affecting productivity.,7,3,Security & Authentication,2026-08-17
OP0257,2026-08-23,Security,accounts are generating unexpected security alerts near the end of the workday. the team has requested investigation.,7,3,Security & Authentication,2026-08-17
OP0102,2026-08-23,Communication,different departments are working from inconsistent information during normal business hours. the problem has occurred repeatedly this week.,4,9,Internal Communication,2026-08-17
OP0190,2026-08-23,HR,employees are waiting too long for administrative approvals when workload increases. several users have described similar behavior.,4,2,Employee Approvals,2026-08-17
OP0114,2026-08-23,Operations,inventory quantities differ between operational systems after a recent update. the issue was reported by several employees.,4,5,Inventory & Synchronization,2026-08-17
OP0593,2026-08-23,Operations,stock information is frequently out of date when workload increases. employees say the issue is becoming more frequent.,1,5,Inventory & Synchronization,2026-08-17
OP0123,2026-08-23,Security,users report suspicious authentication activity when workload increases. the issue became noticeable after a recent change.,4,3,Security & Authentication,2026-08-17
OP0246,2026-08-23,HR,internal approval workflows are causing delays during peak usage. the issue was reported by several employees.,2,2,Employee Approvals,2026-08-17
OP0534,2026-08-23,DevOps,build jobs are taking unusually long to complete when workload increases. the issue became noticeable after a recent change.,4,6,Deployment & CI,2026-08-17
OP0281,2026-08-23,Security,unusual access attempts have been reported by employees near the end of the workday. the issue became noticeable after a recent change.,7,3,Security & Authentication,2026-08-17
OP0214,2026-08-24,Operations,warehouse records take too long to synchronize when workload increases. employees say the issue is becoming more frequent.,1,5,Inventory & Synchronization,2026-08-24
OP0162,2026-08-24,Facilities,room availability does not match the booking system when workload increases. the team has requested investigation.,4,8,Meeting Room Management,2026-08-24
OP0474,2026-08-24,Customer Support,online payment attempts sometimes fail unexpectedly during peak usage. the issue was reported by several employees.,9,4,Payments & Checkout,2026-08-24
OP0148,2026-08-24,Security,staff members are receiving repeated unexpected sign-in prompts during remote access. the problem is causing delays for routine work.,2,3,Security & Authentication,2026-08-24
OP0265,2026-08-24,DevOps,build failures are blocking scheduled releases after a recent update. several users have described similar behavior.,5,6,Deployment & CI,2026-08-24
OP0440,2026-08-24,Database,application requests experience database timeouts near the end of the workday. employees say the issue is becoming more frequent.,1,0,Database & Performance,2026-08-24
OP0053,2026-08-24,Facilities,employees cannot reliably access reserved meeting spaces when workload increases. the team has requested investigation.,8,8,Meeting Room Management,2026-08-24
OP0104,2026-08-24,Database,application requests experience database timeouts during the afternoon. the issue was reported by several employees.,7,0,Database & Performance,2026-08-24
OP0606,2026-08-24,Facilities,reserved rooms are sometimes occupied by other teams after a recent update. several users have described similar behavior.,6,8,Meeting Room Management,2026-08-24
OP0998,2026-08-24,Facilities,conference rooms appear double-booked during the afternoon. several users have described similar behavior.,7,8,Meeting Room Management,2026-08-24
OP0002,2026-08-24,HR,managers report a growing backlog of pending requests during the afternoon. the problem has occurred repeatedly this week.,5,2,Employee Approvals,2026-08-24
OP0625,2026-08-24,Customer Support,customers are reporting repeated payment failures near the end of the workday. the problem is causing delays for routine work.,2,4,Payments & Checkout,2026-08-24
OP0333,2026-08-24,Communication,project information is scattered across multiple channels when workload increases. the team says it is affecting productivity.,4,9,Internal Communication,2026-08-24
OP0924,2026-08-24,Facilities,employees cannot reliably access reserved meeting spaces during peak usage. the problem has occurred repeatedly this week.,8,8,Meeting Room Management,2026-08-24
OP0750,2026-08-24,Customer Support,checkout requests occasionally stop responding when workload increases. several users have described similar behavior.,7,4,Payments & Checkout,2026-08-24
OP0044,2026-08-24,DevOps,deployment jobs are waiting unusually long for resources during remote access. the issue became noticeable after a recent change.,4,6,Deployment & CI,2026-08-24
OP0920,2026-08-24,Communication,different departments are working from inconsistent information during the afternoon. employees say the issue is becoming more frequent.,1,9,Internal Communication,2026-08-24
OP0352,2026-08-25,Security,staff members are receiving repeated unexpected sign-in prompts during remote access. the issue was reported by several employees.,7,3,Security & Authentication,2026-08-24
OP0781,2026-08-25,Operations,warehouse data is arriving later than expected during remote access. the problem is causing delays for routine work.,2,5,Inventory & Synchronization,2026-08-24
OP0521,2026-08-25,Database,database response time becomes slow during peak usage near the end of the workday. the problem is causing delays for routine work.,2,0,Database & Performance,2026-08-24
OP0136,2026-08-25,Facilities,employees cannot reliably access reserved meeting spaces during peak usage. the team has requested investigation.,8,8,Meeting Room Management,2026-08-24
OP0809,2026-08-25,Product,users are having difficulty completing common tasks after the update during the afternoon. employees say the issue is becoming more frequent.,1,9,Internal Communication,2026-08-24
OP0277,2026-08-25,Security,employees are receiving unexpected login notifications during normal business hours. the issue was reported by several employees.,7,3,Security & Authentication,2026-08-24
OP0628,2026-08-25,Communication,project updates are arriving too late for affected teams when workload increases. the problem has occurred repeatedly this week.,7,9,Internal Communication,2026-08-24
OP0725,2026-08-25,HR,employee approval requests remain pending for several days during the afternoon. the issue became noticeable after a recent change.,5,2,Employee Approvals,2026-08-24
OP0917,2026-08-25,DevOps,ci jobs are frequently stopping before completion during the morning. the team says it is affecting productivity.,4,2,Employee Approvals,2026-08-24
OP0691,2026-08-25,Customer Support,online payment attempts sometimes fail unexpectedly during peak usage. the team says it is affecting productivity.,9,4,Payments & Checkout,2026-08-24
OP0091,2026-08-25,Product,customers report that important controls are difficult to locate during remote access. the issue was noticed during normal operations.,3,7,Network & VPN,2026-08-24
OP0087,2026-08-25,Communication,employees are receiving conflicting instructions during the afternoon. the issue was reported by several employees.,7,9,Internal Communication,2026-08-24
OP0284,2026-08-25,DevOps,ci jobs are frequently stopping before completion after a recent update. the problem has occurred repeatedly this week.,4,2,Employee Approvals,2026-08-24
OP0348,2026-08-25,DevOps,deployment jobs are waiting unusually long for resources during the afternoon. the issue became noticeable after a recent change.,4,6,Deployment & CI,2026-08-24
OP0272,2026-08-26,Customer Support,customers receive errors while completing purchases during normal business hours. the issue became noticeable after a recent change.,0,4,Payments & Checkout,2026-08-24
OP0314,2026-08-26,IT,network access becomes slow during peak hours after a recent update. the problem is still occurring.,6,7,Network & VPN,2026-08-24
OP0351,2026-08-26,Operations,stock changes are missing from the dashboard during peak usage. the issue became noticeable after a recent change.,4,5,Inventory & Synchronization,2026-08-24
OP0991,2026-08-26,Operations,stock changes are missing from the dashboard during the afternoon. the issue was noticed during normal operations.,4,5,Inventory & Synchronization,2026-08-24
OP0220,2026-08-26,DevOps,deployment jobs are waiting unusually long for resources when workload increases. the issue was reported by several employees.,4,6,Deployment & CI,2026-08-24
OP0106,2026-08-26,HR,routine employee requests require excessive approval time during remote access. the team has requested investigation.,5,2,Employee Approvals,2026-08-24
OP0425,2026-08-26,Customer Support,customers are reporting repeated payment failures during remote access. the problem has occurred repeatedly this week.,7,4,Payments & Checkout,2026-08-24
OP0313,2026-08-26,HR,leave requests are taking too long to get approved during peak usage. employees say the issue is becoming more frequent.,1,2,Employee Approvals,2026-08-24
OP0385,2026-08-26,DevOps,deployment jobs are waiting unusually long for resources during peak usage. the issue was reported by several employees.,4,6,Deployment & CI,2026-08-24
OP0292,2026-08-26,Communication,employees are receiving conflicting instructions during peak usage. the problem is still occurring.,7,9,Internal Communication,2026-08-24
OP0206,2026-08-26,DevOps,ci jobs are frequently stopping before completion during the afternoon. the problem has occurred repeatedly this week.,4,2,Employee Approvals,2026-08-24
OP0806,2026-08-26,Operations,inventory quantities differ between operational systems near the end of the workday. the problem has occurred repeatedly this week.,7,5,Inventory & Synchronization,2026-08-24
OP0251,2026-08-26,Facilities,room availability does not match the booking system during normal business hours. the problem has occurred repeatedly this week.,4,8,Meeting Room Management,2026-08-24
OP0545,2026-08-26,IT,wi-fi connectivity is inconsistent on the office floor after a recent update. the team has requested investigation.,4,7,Network & VPN,2026-08-24
OP0717,2026-08-26,HR,employees are waiting too long for administrative approvals when workload increases. the issue was reported by several employees.,4,2,Employee Approvals,2026-08-24
OP0739,2026-08-26,Facilities,teams are reporting repeated meeting-room conflicts after a recent update. the problem has occurred repeatedly this week.,7,8,Meeting Room Management,2026-08-24
OP0171,2026-08-26,HR,routine employee requests require excessive approval time when workload increases. several users have described similar behavior.,5,2,Employee Approvals,2026-08-24
OP0139,2026-08-27,Database,applications intermittently fail when accessing stored data when workload increases. the problem has occurred repeatedly this week.,9,0,Database & Performance,2026-08-24
OP0828,2026-08-27,Facilities,meeting rooms are unavailable despite being reserved during the afternoon. employees say the issue is becoming more frequent.,1,8,Meeting Room Management,2026-08-24
OP0527,2026-08-27,HR,employee approval requests remain pending for several days near the end of the workday. the team says it is affecting productivity.,5,2,Employee Approvals,2026-08-24
OP0555,2026-08-27,Product,users are having difficulty completing common tasks after the update after a recent update. employees say the issue is becoming more frequent.,1,9,Internal Communication,2026-08-24
OP0468,2026-08-27,Database,database connections drop during periods of high traffic during the morning. the problem has occurred repeatedly this week.,7,0,Database & Performance,2026-08-24
OP0389,2026-08-27,Database,several services are losing their database connections when workload increases. the problem has occurred repeatedly this week.,7,0,Database & Performance,2026-08-24
OP0247,2026-08-27,Product,users are confused by the latest interface changes during normal business hours. the problem has occurred repeatedly this week.,6,1,Product & UI Usability,2026-08-24
OP0321,2026-08-27,DevOps,build failures are blocking scheduled releases when workload increases. the team says it is affecting productivity.,5,6,Deployment & CI,2026-08-24
OP0248,2026-08-27,Security,unusual access attempts have been reported by employees during the afternoon. employees say the issue is becoming more frequent.,1,3,Security & Authentication,2026-08-24
OP0698,2026-08-27,HR,managers report a growing backlog of pending requests during remote access. the problem has occurred repeatedly this week.,5,2,Employee Approvals,2026-08-24
OP0357,2026-08-27,Communication,teams are missing important project updates during peak usage. employees say the issue is becoming more frequent.,1,9,Internal Communication,2026-08-24
OP0974,2026-08-27,Security,users report suspicious authentication activity during normal business hours. the problem is causing delays for routine work.,2,3,Security & Authentication,2026-08-24
OP0465,2026-08-28,Facilities,meeting-space bookings are frequently causing scheduling conflicts after a recent update. the issue was noticed during normal operations.,7,8,Meeting Room Management,2026-08-24
OP0167,2026-08-28,IT,remote access to internal systems is unstable when workload increases. several users have described similar behavior.,4,7,Network & VPN,2026-08-24
OP0105,2026-08-28,IT,internal applications become unreachable from remote locations during the afternoon. the issue was noticed during normal operations.,4,7,Network & VPN,2026-08-24
OP0495,2026-08-28,Security,users report suspicious authentication activity during normal business hours. the team has requested investigation.,7,3,Security & Authentication,2026-08-24
OP0939,2026-08-28,Customer Support,users cannot reliably complete the checkout process after a recent update. employees say the issue is becoming more frequent.,8,4,Payments & Checkout,2026-08-24
OP0122,2026-08-28,Customer Support,customers receive errors while completing purchases after a recent update. the problem is still occurring.,0,4,Payments & Checkout,2026-08-24
OP0239,2026-08-28,Facilities,employees cannot reliably access reserved meeting spaces during the afternoon. the issue was noticed during normal operations.,8,8,Meeting Room Management,2026-08-24
OP0062,2026-08-28,Security,accounts are generating unexpected security alerts during the morning. the problem has occurred repeatedly this week.,7,3,Security & Authentication,2026-08-24
OP0384,2026-08-28,Operations,stock information is frequently out of date when workload increases. the issue became noticeable after a recent change.,4,5,Inventory & Synchronization,2026-08-24
OP0602,2026-08-28,DevOps,build failures are blocking scheduled releases during normal business hours. the team says it is affecting productivity.,5,6,Deployment & CI,2026-08-24
OP0196,2026-08-28,Product,the redesigned interface is increasing task completion time near the end of the workday. the problem is causing delays for routine work.,2,1,Product & UI Usability,2026-08-24
OP0536,2026-08-28,Database,database performance has degraded under heavier workloads after a recent update. the team has requested investigation.,7,0,Database & Performance,2026-08-24
OP0815,2026-08-28,Facilities,room availability does not match the booking system during the afternoon. the issue was noticed during normal operations.,4,8,Meeting Room Management,2026-08-24
OP0821,2026-08-28,Security,accounts are generating unexpected security alerts after a recent update. the issue was reported by several employees.,7,3,Security & Authentication,2026-08-24
OP0595,2026-08-28,Product,customers report that important controls are difficult to locate during remote access. several users have described similar behavior.,3,1,Product & UI Usability,2026-08-24
OP0944,2026-08-28,Operations,inventory records are becoming inconsistent across systems during remote access. the issue was noticed during normal operations.,4,5,Inventory & Synchronization,2026-08-24
OP0211,2026-08-29,Operations,stock changes are missing from the dashboard after a recent update. the team says it is affecting productivity.,4,5,Inventory & Synchronization,2026-08-24
OP0119,2026-08-29,Facilities,employees cannot reliably access reserved meeting spaces during peak usage. the issue became noticeable after a recent change.,8,8,Meeting Room Management,2026-08-24
OP0987,2026-08-29,Security,accounts are generating unexpected security alerts during normal business hours. the problem is still occurring.,7,3,Security & Authentication,2026-08-24
OP0128,2026-08-29,Operations,warehouse data is arriving later than expected after a recent update. the problem has occurred repeatedly this week.,5,5,Inventory & Synchronization,2026-08-24
OP0212,2026-08-29,Customer Support,customers receive errors while completing purchases during the morning. several users have described similar behavior.,0,4,Payments & Checkout,2026-08-24
OP0296,2026-08-29,Customer Support,customers report that the payment page becomes unresponsive near the end of the workday. the problem has occurred repeatedly this week.,7,4,Payments & Checkout,2026-08-24
OP0015,2026-08-29,Product,customers report that important controls are difficult to locate during peak usage. the issue was noticed during normal operations.,3,1,Product & UI Usability,2026-08-24
OP0487,2026-08-29,Product,recent ui changes have increased support requests near the end of the workday. several users have described similar behavior.,7,1,Product & UI Usability,2026-08-24
OP0225,2026-08-29,Customer Support,customers are reporting repeated payment failures during the afternoon. the problem is still occurring.,7,4,Payments & Checkout,2026-08-24
OP0766,2026-08-29,Security,users report suspicious authentication activity when workload increases. employees say the issue is becoming more frequent.,1,3,Security & Authentication,2026-08-24
OP0316,2026-08-29,Security,several users noticed authentication events they do not recognize during normal business hours. employees say the issue is becoming more frequent.,1,3,Security & Authentication,2026-08-24
OP0368,2026-08-29,Operations,inventory updates are not reflected quickly in the system during remote access. the problem is still occurring.,4,5,Inventory & Synchronization,2026-08-24
OP0097,2026-08-29,Customer Support,users cannot reliably complete the checkout process during remote access. the issue became noticeable after a recent change.,8,4,Payments & Checkout,2026-08-24
OP0101,2026-08-30,HR,employee approval requests remain pending for several days after a recent update. the issue was reported by several employees.,5,2,Employee Approvals,2026-08-24
OP0874,2026-08-30,Operations,inventory quantities differ between operational systems during the morning. the issue became noticeable after a recent change.,4,5,Inventory & Synchronization,2026-08-24
OP0429,2026-08-30,IT,vpn connection drops during remote work during remote access. the issue became noticeable after a recent change.,4,7,Network & VPN,2026-08-24
OP0679,2026-08-30,IT,employees experience repeated network timeouts during the morning. several users have described similar behavior.,6,7,Network & VPN,2026-08-24
OP0899,2026-08-30,Product,the redesigned interface is increasing task completion time near the end of the workday. the problem is still occurring.,5,1,Product & UI Usability,2026-08-24
OP0982,2026-08-30,Facilities,meeting rooms are unavailable despite being reserved during the afternoon. the problem has occurred repeatedly this week.,7,8,Meeting Room Management,2026-08-24
OP0735,2026-08-30,Facilities,employees cannot reliably access reserved meeting spaces during the morning. the issue was noticed during normal operations.,8,8,Meeting Room Management,2026-08-24
OP0327,2026-08-30,IT,employees cannot reliably connect to the corporate network during peak usage. the team has requested investigation.,8,7,Network & VPN,2026-08-24
OP0767,2026-08-30,DevOps,ci jobs are frequently stopping before completion during the afternoon. the issue was reported by several employees.,4,2,Employee Approvals,2026-08-24
OP0202,2026-08-30,HR,employees are waiting too long for administrative approvals during the afternoon. the team says it is affecting productivity.,4,2,Employee Approvals,2026-08-24
OP0250,2026-08-31,Customer Support,customers receive errors while completing purchases during the morning. the issue was reported by several employees.,0,4,Payments & Checkout,2026-08-31
OP0483,2026-08-31,Communication,project updates are arriving too late for affected teams after a recent update. the problem is causing delays for routine work.,2,9,Internal Communication,2026-08-31
OP0430,2026-08-31,Product,customers are struggling to find features after the redesign during normal business hours. the issue became noticeable after a recent change.,3,1,Product & UI Usability,2026-08-31
OP0224,2026-08-31,Product,recent ui changes have increased support requests when workload increases. the team says it is affecting productivity.,5,1,Product & UI Usability,2026-08-31
OP0907,2026-08-31,Database,several services are losing their database connections during the afternoon. the problem is still occurring.,7,0,Database & Performance,2026-08-31
OP0419,2026-08-31,Security,unusual access attempts have been reported by employees when workload increases. the problem is still occurring.,4,3,Security & Authentication,2026-08-31
OP0157,2026-08-31,IT,internal applications become unreachable from remote locations during normal business hours. several users have described similar behavior.,4,7,Network & VPN,2026-08-31
OP0177,2026-09-01,Operations,warehouse records take too long to synchronize near the end of the workday. the team says it is affecting productivity.,7,5,Inventory & Synchronization,2026-08-31
OP0853,2026-09-01,Security,unusual access attempts have been reported by employees when workload increases. the issue was reported by several employees.,4,3,Security & Authentication,2026-08-31
OP0954,2026-09-01,Communication,employees are receiving conflicting instructions when workload increases. the team has requested investigation.,7,9,Internal Communication,2026-08-31
OP0421,2026-09-01,Customer Support,users are unable to complete transactions after entering payment details after a recent update. several users have described similar behavior.,4,4,Payments & Checkout,2026-08-31
OP0862,2026-09-01,Product,the redesigned interface is increasing task completion time during normal business hours. the problem is still occurring.,5,1,Product & UI Usability,2026-08-31
OP0145,2026-09-01,Product,the redesigned interface is increasing task completion time during normal business hours. the issue was noticed during normal operations.,5,1,Product & UI Usability,2026-08-31
OP0577,2026-09-01,Product,users are having difficulty completing common tasks after the update near the end of the workday. the team has requested investigation.,7,9,Internal Communication,2026-08-31
OP0186,2026-09-01,Product,customers are struggling to find features after the redesign during normal business hours. several users have described similar behavior.,3,1,Product & UI Usability,2026-08-31
OP0649,2026-09-01,Database,database queries are taking longer than expected near the end of the workday. the issue was noticed during normal operations.,7,0,Database & Performance,2026-08-31
OP0144,2026-09-01,Database,database connections drop during periods of high traffic near the end of the workday. the issue was noticed during normal operations.,7,0,Database & Performance,2026-08-31
OP0117,2026-09-01,Facilities,meeting-space bookings are frequently causing scheduling conflicts after a recent update. the issue became noticeable after a recent change.,7,8,Meeting Room Management,2026-08-31
OP0541,2026-09-01,HR,employees are waiting too long for administrative approvals when workload increases. the problem is still occurring.,4,2,Employee Approvals,2026-08-31
OP0141,2026-09-01,IT,network access becomes slow during peak hours during peak usage. the problem is still occurring.,6,7,Network & VPN,2026-08-31
OP0520,2026-09-01,IT,wi-fi connectivity is inconsistent on the office floor during normal business hours. several users have described similar behavior.,4,7,Network & VPN,2026-08-31
OP0501,2026-09-01,IT,internal applications become unreachable from remote locations during normal business hours. employees say the issue is becoming more frequent.,1,7,Network & VPN,2026-08-31
OP0770,2026-09-01,HR,internal approval workflows are causing delays during the afternoon. the team says it is affecting productivity.,2,2,Employee Approvals,2026-08-31
OP0159,2026-09-01,Operations,inventory updates are not reflected quickly in the system near the end of the workday. the problem has occurred repeatedly this week.,7,5,Inventory & Synchronization,2026-08-31
OP0732,2026-09-01,Security,staff members are receiving repeated unexpected sign-in prompts near the end of the workday. several users have described similar behavior.,7,3,Security & Authentication,2026-08-31
OP0273,2026-09-01,Security,staff members are receiving repeated unexpected sign-in prompts when workload increases. the problem has occurred repeatedly this week.,7,3,Security & Authentication,2026-08-31
OP0598,2026-09-02,Facilities,conference rooms appear double-booked after a recent update. the issue became noticeable after a recent change.,7,8,Meeting Room Management,2026-08-31
OP0184,2026-09-02,IT,remote access to internal systems is unstable during remote access. the problem is causing delays for routine work.,2,7,Network & VPN,2026-08-31
OP0393,2026-09-02,HR,employees are waiting too long for administrative approvals during normal business hours. the problem is causing delays for routine work.,2,2,Employee Approvals,2026-08-31
OP0396,2026-09-02,Security,employees are receiving unexpected login notifications when workload increases. the issue was reported by several employees.,7,3,Security & Authentication,2026-08-31
OP0510,2026-09-02,IT,wi-fi connectivity is inconsistent on the office floor during the afternoon. the team says it is affecting productivity.,4,7,Network & VPN,2026-08-31
OP0218,2026-09-02,Facilities,employees cannot reliably access reserved meeting spaces during the morning. the issue was reported by several employees.,8,8,Meeting Room Management,2026-08-31
OP0817,2026-09-02,Operations,inventory quantities differ between operational systems during the afternoon. the problem is still occurring.,4,5,Inventory & Synchronization,2026-08-31
OP0635,2026-09-02,Operations,stock changes are missing from the dashboard during the morning. the problem is still occurring.,4,5,Inventory & Synchronization,2026-08-31
OP0829,2026-09-02,Operations,warehouse data is arriving later than expected during peak usage. employees say the issue is becoming more frequent.,1,5,Inventory & Synchronization,2026-08-31
OP0619,2026-09-02,Facilities,employees cannot reliably access reserved meeting spaces after a recent update. the issue was reported by several employees.,8,8,Meeting Room Management,2026-08-31
OP0634,2026-09-02,DevOps,production releases are being delayed by failed deployments during the afternoon. employees say the issue is becoming more frequent.,1,6,Deployment & CI,2026-08-31
OP0758,2026-09-02,Security,several users noticed authentication events they do not recognize during the morning. the team says it is affecting productivity.,4,3,Security & Authentication,2026-08-31
OP0546,2026-09-02,Customer Support,users are unable to complete transactions after entering payment details near the end of the workday. the problem has occurred repeatedly this week.,7,4,Payments & Checkout,2026-08-31
OP0298,2026-09-03,Database,database response time becomes slow during peak usage during normal business hours. employees say the issue is becoming more frequent.,1,0,Database & Performance,2026-08-31
OP0640,2026-09-03,DevOps,release automation is generating repeated errors during the afternoon. the problem is still occurring.,4,6,Deployment & CI,2026-08-31
OP0056,2026-09-03,IT,vpn connection drops during remote work during normal business hours. employees say the issue is becoming more frequent.,1,7,Network & VPN,2026-08-31
OP0401,2026-09-03,Product,recent ui changes have increased support requests near the end of the workday. the problem has occurred repeatedly this week.,7,1,Product & UI Usability,2026-08-31
OP0278,2026-09-03,HR,leave requests are taking too long to get approved after a recent update. the issue became noticeable after a recent change.,4,2,Employee Approvals,2026-08-31
OP0134,2026-09-03,Product,the new navigation is causing repeated user complaints during the afternoon. the problem is still occurring.,4,1,Product & UI Usability,2026-08-31
OP0624,2026-09-03,Database,database connections drop during periods of high traffic near the end of the workday. the issue was reported by several employees.,7,0,Database & Performance,2026-08-31
OP0855,2026-09-03,Product,customers are struggling to find features after the redesign during the afternoon. the team says it is affecting productivity.,3,1,Product & UI Usability,2026-08-31
OP0415,2026-09-03,Facilities,reserved rooms are sometimes occupied by other teams near the end of the workday. the issue was noticed during normal operations.,7,8,Meeting Room Management,2026-08-31
OP0872,2026-09-03,Communication,teams are missing important project updates during remote access. the problem has occurred repeatedly this week.,4,9,Internal Communication,2026-08-31
OP0941,2026-09-03,Facilities,teams are reporting repeated meeting-room conflicts during the afternoon. the problem has occurred repeatedly this week.,7,8,Meeting Room Management,2026-08-31
OP0378,2026-09-03,Customer Support,checkout requests occasionally stop responding during the afternoon. the problem is causing delays for routine work.,2,4,Payments & Checkout,2026-08-31
OP0832,2026-09-03,DevOps,ci jobs are frequently stopping before completion during remote access. employees say the issue is becoming more frequent.,1,7,Network & VPN,2026-08-31
OP0904,2026-09-03,Security,staff members are receiving repeated unexpected sign-in prompts during the morning. the team has requested investigation.,7,3,Security & Authentication,2026-08-31
OP0652,2026-09-03,Operations,warehouse data is arriving later than expected during the afternoon. the problem has occurred repeatedly this week.,5,5,Inventory & Synchronization,2026-08-31
OP0254,2026-09-03,Communication,teams are struggling to keep track of project changes during normal business hours. several users have described similar behavior.,3,9,Internal Communication,2026-08-31
OP0040,2026-09-04,IT,employees experience repeated network timeouts during the afternoon. the problem is still occurring.,6,7,Network & VPN,2026-08-31
OP0191,2026-09-04,Product,customers are struggling to find features after the redesign after a recent update. the issue became noticeable after a recent change.,3,1,Product & UI Usability,2026-08-31
OP0404,2026-09-04,Security,accounts are generating unexpected security alerts after a recent update. the team says it is affecting productivity.,7,3,Security & Authentication,2026-08-31
OP0182,2026-09-04,Customer Support,online payment attempts sometimes fail unexpectedly near the end of the workday. the problem has occurred repeatedly this week.,9,4,Payments & Checkout,2026-08-31
OP0935,2026-09-04,Product,recent ui changes have increased support requests during the morning. the issue was noticed during normal operations.,5,1,Product & UI Usability,2026-08-31
OP0554,2026-09-04,IT,vpn connection drops during remote work after a recent update. several users have described similar behavior.,4,7,Network & VPN,2026-08-31
OP0088,2026-09-04,Security,several users noticed authentication events they do not recognize near the end of the workday. the problem is still occurring.,7,3,Security & Authentication,2026-08-31
OP0332,2026-09-04,DevOps,build failures are blocking scheduled releases during the morning. the team has requested investigation.,5,6,Deployment & CI,2026-08-31
OP0863,2026-09-04,IT,employees cannot reliably connect to the corporate network during remote access. the issue was noticed during normal operations.,8,7,Network & VPN,2026-08-31
OP0366,2026-09-04,HR,managers report a growing backlog of pending requests during remote access. the team says it is affecting productivity.,5,2,Employee Approvals,2026-08-31
OP0626,2026-09-04,Customer Support,customers report that the payment page becomes unresponsive during the afternoon. several users have described similar behavior.,3,4,Payments & Checkout,2026-08-31
OP0416,2026-09-05,Communication,important decisions are not reaching all team members during peak usage. the issue was reported by several employees.,4,9,Internal Communication,2026-08-31
OP0249,2026-09-05,Product,customers are struggling to find features after the redesign during the morning. employees say the issue is becoming more frequent.,3,1,Product & UI Usability,2026-08-31
OP0176,2026-09-05,Communication,teams are missing important project updates during normal business hours. the team says it is affecting productivity.,4,9,Internal Communication,2026-08-31
OP0902,2026-09-05,Facilities,employees cannot reliably access reserved meeting spaces during the afternoon. employees say the issue is becoming more frequent.,8,8,Meeting Room Management,2026-08-31
OP0740,2026-09-05,Database,applications intermittently fail when accessing stored data during normal business hours. the issue became noticeable after a recent change.,9,0,Database & Performance,2026-08-31
OP0452,2026-09-05,Product,customers are struggling to find features after the redesign during remote access. the team says it is affecting productivity.,3,1,Product & UI Usability,2026-08-31
OP0161,2026-09-05,DevOps,release automation is generating repeated errors after a recent update. the issue became noticeable after a recent change.,4,6,Deployment & CI,2026-08-31
OP0967,2026-09-05,HR,employees are waiting too long for administrative approvals during peak usage. the team has requested investigation.,4,2,Employee Approvals,2026-08-31
OP0839,2026-09-05,Customer Support,users are unable to complete transactions after entering payment details during the morning. the issue became noticeable after a recent change.,4,4,Payments & Checkout,2026-08-31
OP0036,2026-09-05,Facilities,reserved rooms are sometimes occupied by other teams during normal business hours. the problem is still occurring.,6,8,Meeting Room Management,2026-08-31
OP0608,2026-09-05,Operations,inventory updates are not reflected quickly in the system after a recent update. the team says it is affecting productivity.,4,5,Inventory & Synchronization,2026-08-31
OP0405,2026-09-05,IT,remote access to internal systems is unstable during normal business hours. the problem is still occurring.,4,7,Network & VPN,2026-08-31
OP0933,2026-09-05,Communication,teams are missing important project updates near the end of the workday. the issue became noticeable after a recent change.,7,9,Internal Communication,2026-08-31
OP0374,2026-09-05,Facilities,teams are reporting repeated meeting-room conflicts during the afternoon. the issue was reported by several employees.,7,8,Meeting Room Management,2026-08-31
OP0090,2026-09-05,IT,wi-fi connectivity is inconsistent on the office floor during the morning. the issue became noticeable after a recent change.,4,7,Network & VPN,2026-08-31
OP0143,2026-09-05,Communication,project updates are arriving too late for affected teams during the morning. several users have described similar behavior.,7,9,Internal Communication,2026-08-31
OP0630,2026-09-05,IT,remote access to internal systems is unstable during remote access. the team has requested investigation.,4,7,Network & VPN,2026-08-31
OP0918,2026-09-06,Product,the new navigation is causing repeated user complaints during the morning. the problem is still occurring.,4,1,Product & UI Usability,2026-08-31
OP0152,2026-09-06,Database,database performance has degraded under heavier workloads when workload increases. the team has requested investigation.,7,0,Database & Performance,2026-08-31
OP0633,2026-09-06,Security,accounts are generating unexpected security alerts when workload increases. the issue became noticeable after a recent change.,7,3,Security & Authentication,2026-08-31
OP0307,2026-09-06,Product,the new navigation is causing repeated user complaints during peak usage. the problem is still occurring.,4,1,Product & UI Usability,2026-08-31
OP0462,2026-09-06,DevOps,build jobs are taking unusually long to complete near the end of the workday. the problem is causing delays for routine work.,2,6,Deployment & CI,2026-08-31
OP0497,2026-09-06,Product,the new navigation is causing repeated user complaints during the morning. the team says it is affecting productivity.,4,1,Product & UI Usability,2026-08-31
OP0034,2026-09-06,Operations,stock changes are missing from the dashboard when workload increases. the team says it is affecting productivity.,4,5,Inventory & Synchronization,2026-08-31
OP0066,2026-09-06,Operations,inventory records are becoming inconsistent across systems when workload increases. the problem is causing delays for routine work.,2,5,Inventory & Synchronization,2026-08-31
OP0223,2026-09-06,HR,routine employee requests require excessive approval time during remote access. the problem is causing delays for routine work.,2,2,Employee Approvals,2026-08-31
OP0417,2026-09-06,Database,database queries are taking longer than expected during normal business hours. the problem is still occurring.,7,0,Database & Performance,2026-08-31
OP0613,2026-09-06,HR,managers report a growing backlog of pending requests during the afternoon. the team says it is affecting productivity.,5,2,Employee Approvals,2026-08-31
OP0209,2026-09-06,Security,staff members are receiving repeated unexpected sign-in prompts after a recent update. the team says it is affecting productivity.,7,3,Security & Authentication,2026-08-31
OP0768,2026-09-06,Database,database queries are taking longer than expected near the end of the workday. the problem has occurred repeatedly this week.,7,0,Database & Performance,2026-08-31
OP0983,2026-09-06,Product,users are confused by the latest interface changes near the end of the workday. the issue was reported by several employees.,6,1,Product & UI Usability,2026-08-31
OP0287,2026-09-06,HR,employee approval requests remain pending for several days during the afternoon. the problem is causing delays for routine work.,2,2,Employee Approvals,2026-08-31
OP0024,2026-09-06,Facilities,room availability does not match the booking system during normal business hours. employees say the issue is becoming more frequent.,1,8,Meeting Room Management,2026-08-31
OP0588,2026-09-07,Communication,employees are receiving conflicting instructions when workload increases. the problem is causing delays for routine work.,2,9,Internal Communication,2026-09-07
OP0315,2026-09-07,Communication,employees are receiving conflicting instructions after a recent update. the team has requested investigation.,7,9,Internal Communication,2026-09-07
OP0025,2026-09-07,Customer Support,checkout requests occasionally stop responding during the afternoon. the issue was reported by several employees.,4,4,Payments & Checkout,2026-09-07
OP0942,2026-09-07,Customer Support,online payment attempts sometimes fail unexpectedly when workload increases. the problem has occurred repeatedly this week.,9,4,Payments & Checkout,2026-09-07
OP0233,2026-09-07,Operations,inventory updates are not reflected quickly in the system after a recent update. the problem has occurred repeatedly this week.,4,5,Inventory & Synchronization,2026-09-07
OP0681,2026-09-07,DevOps,build jobs are taking unusually long to complete when workload increases. the issue was noticed during normal operations.,4,6,Deployment & CI,2026-09-07
OP0397,2026-09-07,Communication,different departments are working from inconsistent information when workload increases. the team has requested investigation.,4,9,Internal Communication,2026-09-07
OP0137,2026-09-07,HR,managers report a growing backlog of pending requests when workload increases. the problem is causing delays for routine work.,2,2,Employee Approvals,2026-09-07
OP0085,2026-09-07,Customer Support,online payment attempts sometimes fail unexpectedly near the end of the workday. the problem is causing delays for routine work.,9,4,Payments & Checkout,2026-09-07
OP0432,2026-09-07,IT,employees experience repeated network timeouts after a recent update. the problem has occurred repeatedly this week.,6,7,Network & VPN,2026-09-07
OP0721,2026-09-07,IT,employees experience repeated network timeouts near the end of the workday. the issue became noticeable after a recent change.,7,7,Network & VPN,2026-09-07
OP0597,2026-09-07,Operations,warehouse data is arriving later than expected during the afternoon. the problem is still occurring.,5,5,Inventory & Synchronization,2026-09-07
OP0549,2026-09-07,Operations,stock changes are missing from the dashboard near the end of the workday. the team has requested investigation.,7,5,Inventory & Synchronization,2026-09-07
OP0731,2026-09-07,Communication,different departments are working from inconsistent information when workload increases. the problem has occurred repeatedly this week.,4,9,Internal Communication,2026-09-07
OP0838,2026-09-07,Security,unusual access attempts have been reported by employees near the end of the workday. the team has requested investigation.,7,3,Security & Authentication,2026-09-07
OP0464,2026-09-07,Customer Support,customers receive errors while completing purchases near the end of the workday. the problem is causing delays for routine work.,0,4,Payments & Checkout,2026-09-07
OP0418,2026-09-07,Facilities,employees cannot reliably access reserved meeting spaces during normal business hours. the team says it is affecting productivity.,8,8,Meeting Room Management,2026-09-07
OP0481,2026-09-07,Operations,inventory records are becoming inconsistent across systems during the afternoon. the problem is still occurring.,4,5,Inventory & Synchronization,2026-09-07
OP0876,2026-09-07,DevOps,deployment pipeline fails after recent code changes near the end of the workday. the issue was reported by several employees.,7,6,Deployment & CI,2026-09-07
OP0063,2026-09-07,Communication,teams are struggling to keep track of project changes during the afternoon. the problem has occurred repeatedly this week.,3,9,Internal Communication,2026-09-07
OP0582,2026-09-08,Product,the redesigned interface is increasing task completion time during normal business hours. the issue was reported by several employees.,5,1,Product & UI Usability,2026-09-07
OP0675,2026-09-08,Database,database performance has degraded under heavier workloads after a recent update. the problem is causing delays for routine work.,2,0,Database & Performance,2026-09-07
OP0004,2026-09-08,Product,users are having difficulty completing common tasks after the update after a recent update. the issue was reported by several employees.,4,9,Internal Communication,2026-09-07
OP0113,2026-09-08,DevOps,ci jobs are frequently stopping before completion during remote access. the issue became noticeable after a recent change.,4,7,Network & VPN,2026-09-07
OP0956,2026-09-08,IT,internal applications become unreachable from remote locations during normal business hours. the issue became noticeable after a recent change.,4,7,Network & VPN,2026-09-07
OP0676,2026-09-08,IT,network access becomes slow during peak hours during normal business hours. the problem is still occurring.,6,7,Network & VPN,2026-09-07
OP0234,2026-09-08,HR,employees are waiting too long for administrative approvals during remote access. the team has requested investigation.,4,2,Employee Approvals,2026-09-07
OP0041,2026-09-08,Database,database response time becomes slow during peak usage after a recent update. the team has requested investigation.,6,0,Database & Performance,2026-09-07
OP0715,2026-09-08,Operations,inventory quantities differ between operational systems during the afternoon. several users have described similar behavior.,4,5,Inventory & Synchronization,2026-09-07
OP0845,2026-09-09,Facilities,room availability does not match the booking system during remote access. the issue became noticeable after a recent change.,4,8,Meeting Room Management,2026-09-07
OP0720,2026-09-09,Product,the new navigation is causing repeated user complaints after a recent update. employees say the issue is becoming more frequent.,1,1,Product & UI Usability,2026-09-07
OP0544,2026-09-09,Communication,project information is scattered across multiple channels during peak usage. employees say the issue is becoming more frequent.,1,9,Internal Communication,2026-09-07
OP0787,2026-09-09,Facilities,room availability does not match the booking system during the afternoon. the issue became noticeable after a recent change.,4,8,Meeting Room Management,2026-09-07
OP0107,2026-09-09,Communication,different departments are working from inconsistent information near the end of the workday. the problem is causing delays for routine work.,2,9,Internal Communication,2026-09-07
OP0814,2026-09-09,Security,users report suspicious authentication activity after a recent update. the issue was reported by several employees.,4,3,Security & Authentication,2026-09-07
OP0792,2026-09-09,Facilities,employees cannot reliably access reserved meeting spaces during the morning. the team says it is affecting productivity.,8,8,Meeting Room Management,2026-09-07
OP0494,2026-09-09,Communication,different departments are working from inconsistent information during normal business hours. the issue was noticed during normal operations.,4,9,Internal Communication,2026-09-07
OP0255,2026-09-09,Communication,important decisions are not reaching all team members during the afternoon. the problem has occurred repeatedly this week.,4,9,Internal Communication,2026-09-07
OP0960,2026-09-09,Communication,different departments are working from inconsistent information during peak usage. several users have described similar behavior.,4,9,Internal Communication,2026-09-07
OP0834,2026-09-09,Communication,project updates are arriving too late for affected teams when workload increases. the problem is causing delays for routine work.,2,9,Internal Communication,2026-09-07
OP0319,2026-09-09,IT,wi-fi connectivity is inconsistent on the office floor during remote access. the team has requested investigation.,4,7,Network & VPN,2026-09-07
OP0068,2026-09-09,HR,internal approval workflows are causing delays during the afternoon. the problem has occurred repeatedly this week.,2,2,Employee Approvals,2026-09-07
OP0746,2026-09-09,Communication,important decisions are not reaching all team members during normal business hours. the team says it is affecting productivity.,4,9,Internal Communication,2026-09-07
OP0727,2026-09-09,DevOps,deployment pipeline fails after recent code changes near the end of the workday. the issue became noticeable after a recent change.,7,6,Deployment & CI,2026-09-07
OP0599,2026-09-09,Customer Support,online payment attempts sometimes fail unexpectedly during remote access. several users have described similar behavior.,9,4,Payments & Checkout,2026-09-07
OP0823,2026-09-09,IT,employees cannot reliably connect to the corporate network when workload increases. the problem is still occurring.,8,7,Network & VPN,2026-09-07
OP0880,2026-09-09,DevOps,build jobs are taking unusually long to complete during the morning. employees say the issue is becoming more frequent.,1,6,Deployment & CI,2026-09-07
OP0937,2026-09-09,Product,users are confused by the latest interface changes during the afternoon. the problem has occurred repeatedly this week.,6,1,Product & UI Usability,2026-09-07
OP0996,2026-09-10,Product,recent ui changes have increased support requests near the end of the workday. the issue was noticed during normal operations.,7,1,Product & UI Usability,2026-09-07
OP0763,2026-09-10,DevOps,ci jobs are frequently stopping before completion when workload increases. the team says it is affecting productivity.,4,2,Employee Approvals,2026-09-07
OP0692,2026-09-10,Operations,warehouse data is arriving later than expected during peak usage. the problem is still occurring.,5,5,Inventory & Synchronization,2026-09-07
OP0858,2026-09-10,Security,users report suspicious authentication activity during normal business hours. the issue was noticed during normal operations.,4,3,Security & Authentication,2026-09-07
OP0403,2026-09-10,DevOps,ci jobs are frequently stopping before completion during remote access. the problem is still occurring.,4,7,Network & VPN,2026-09-07
OP0868,2026-09-10,DevOps,deployment pipeline fails after recent code changes when workload increases. the team says it is affecting productivity.,4,6,Deployment & CI,2026-09-07
OP0455,2026-09-10,Product,the new navigation is causing repeated user complaints during the morning. the team has requested investigation.,4,1,Product & UI Usability,2026-09-07
OP0226,2026-09-10,DevOps,build jobs are taking unusually long to complete near the end of the workday. the issue was noticed during normal operations.,7,6,Deployment & CI,2026-09-07
OP0753,2026-09-10,DevOps,deployment pipeline fails after recent code changes during remote access. the problem is causing delays for routine work.,2,6,Deployment & CI,2026-09-07
OP0426,2026-09-10,Database,applications intermittently fail when accessing stored data when workload increases. the problem is causing delays for routine work.,9,0,Database & Performance,2026-09-07
OP0843,2026-09-10,DevOps,release automation is generating repeated errors after a recent update. the problem is causing delays for routine work.,2,6,Deployment & CI,2026-09-07
OP0695,2026-09-11,IT,wi-fi connectivity is inconsistent on the office floor near the end of the workday. employees say the issue is becoming more frequent.,1,7,Network & VPN,2026-09-07
OP0989,2026-09-11,Product,customers are struggling to find features after the redesign during normal business hours. employees say the issue is becoming more frequent.,3,1,Product & UI Usability,2026-09-07
OP0684,2026-09-11,Communication,teams are missing important project updates during peak usage. the problem is still occurring.,4,9,Internal Communication,2026-09-07
OP0552,2026-09-11,Security,multiple accounts show unfamiliar sign-in attempts during the morning. employees say the issue is becoming more frequent.,1,3,Security & Authentication,2026-09-07
OP0380,2026-09-11,Communication,project updates are arriving too late for affected teams during remote access. employees say the issue is becoming more frequent.,1,9,Internal Communication,2026-09-07
OP0439,2026-09-11,IT,wi-fi connectivity is inconsistent on the office floor when workload increases. the problem is still occurring.,4,7,Network & VPN,2026-09-07
OP0718,2026-09-11,Operations,warehouse records take too long to synchronize when workload increases. the issue was noticed during normal operations.,4,5,Inventory & Synchronization,2026-09-07
OP0511,2026-09-11,Product,users are confused by the latest interface changes after a recent update. the issue was noticed during normal operations.,6,1,Product & UI Usability,2026-09-07
OP0515,2026-09-11,DevOps,production releases are being delayed by failed deployments after a recent update. the team says it is affecting productivity.,6,6,Deployment & CI,2026-09-07
OP0925,2026-09-11,Communication,employees are receiving conflicting instructions near the end of the workday. several users have described similar behavior.,7,9,Internal Communication,2026-09-07
OP0450,2026-09-11,Product,customers report that important controls are difficult to locate during the afternoon. the problem is still occurring.,3,1,Product & UI Usability,2026-09-07
OP0408,2026-09-11,Communication,employees are receiving conflicting instructions during normal business hours. the problem is causing delays for routine work.,2,9,Internal Communication,2026-09-07
OP0291,2026-09-11,Operations,inventory quantities differ between operational systems during normal business hours. employees say the issue is becoming more frequent.,1,5,Inventory & Synchronization,2026-09-07
OP0943,2026-09-11,Communication,employees are receiving conflicting instructions near the end of the workday. the team has requested investigation.,7,9,Internal Communication,2026-09-07
OP0095,2026-09-11,Facilities,reserved rooms are sometimes occupied by other teams during peak usage. the issue became noticeable after a recent change.,6,8,Meeting Room Management,2026-09-07
OP0653,2026-09-11,HR,managers report a growing backlog of pending requests during the afternoon. the issue became noticeable after a recent change.,5,2,Employee Approvals,2026-09-07
OP0885,2026-09-11,Communication,project updates are arriving too late for affected teams during peak usage. several users have described similar behavior.,7,9,Internal Communication,2026-09-07
OP0216,2026-09-12,Operations,inventory updates are not reflected quickly in the system near the end of the workday. the issue was noticed during normal operations.,7,5,Inventory & Synchronization,2026-09-07
OP0297,2026-09-12,Communication,teams are struggling to keep track of project changes during normal business hours. the issue was reported by several employees.,3,9,Internal Communication,2026-09-07
OP0581,2026-09-12,Operations,stock changes are missing from the dashboard during the afternoon. the team has requested investigation.,4,5,Inventory & Synchronization,2026-09-07
OP0451,2026-09-12,DevOps,deployment pipeline fails after recent code changes after a recent update. the problem is causing delays for routine work.,2,6,Deployment & CI,2026-09-07
OP0471,2026-09-12,HR,requests are moving slowly between approval stages after a recent update. several users have described similar behavior.,5,2,Employee Approvals,2026-09-07
OP0910,2026-09-12,Communication,project information is scattered across multiple channels during the morning. the team says it is affecting productivity.,4,9,Internal Communication,2026-09-07
OP0964,2026-09-12,Customer Support,customers receive errors while completing purchases during peak usage. the team says it is affecting productivity.,0,4,Payments & Checkout,2026-09-07
OP0197,2026-09-12,Security,accounts are generating unexpected security alerts after a recent update. the issue was noticed during normal operations.,7,3,Security & Authentication,2026-09-07
OP0531,2026-09-12,DevOps,deployment jobs are waiting unusually long for resources after a recent update. the problem is causing delays for routine work.,2,6,Deployment & CI,2026-09-07
OP0334,2026-09-12,IT,internal applications become unreachable from remote locations after a recent update. the problem is still occurring.,4,7,Network & VPN,2026-09-07
OP0115,2026-09-12,Facilities,meeting-space bookings are frequently causing scheduling conflicts during the morning. employees say the issue is becoming more frequent.,1,8,Meeting Room Management,2026-09-07
OP0909,2026-09-12,IT,remote access to internal systems is unstable during peak usage. the issue was reported by several employees.,4,7,Network & VPN,2026-09-07
OP0589,2026-09-12,HR,internal approval workflows are causing delays when workload increases. several users have described similar behavior.,2,2,Employee Approvals,2026-09-07
OP0358,2026-09-12,Security,users report suspicious authentication activity during the afternoon. the team has requested investigation.,7,3,Security & Authentication,2026-09-07
OP0010,2026-09-12,DevOps,release automation is generating repeated errors during remote access. several users have described similar behavior.,4,6,Deployment & CI,2026-09-07
OP0263,2026-09-12,Communication,employees are receiving conflicting instructions during the afternoon. the problem is still occurring.,7,9,Internal Communication,2026-09-07
OP0457,2026-09-13,Customer Support,users are unable to complete transactions after entering payment details after a recent update. the issue was reported by several employees.,4,4,Payments & Checkout,2026-09-07
OP0882,2026-09-13,DevOps,production releases are being delayed by failed deployments after a recent update. the problem has occurred repeatedly this week.,6,6,Deployment & CI,2026-09-07
OP0395,2026-09-13,Product,the new navigation is causing repeated user complaints after a recent update. the issue was noticed during normal operations.,4,1,Product & UI Usability,2026-09-07
OP0830,2026-09-13,IT,internal applications become unreachable from remote locations near the end of the workday. the issue was reported by several employees.,7,7,Network & VPN,2026-09-07
OP0752,2026-09-13,Database,several services are losing their database connections near the end of the workday. several users have described similar behavior.,7,0,Database & Performance,2026-09-07
OP0020,2026-09-13,HR,leave requests are taking too long to get approved when workload increases. the problem is causing delays for routine work.,2,2,Employee Approvals,2026-09-07
OP0147,2026-09-13,Database,several services are losing their database connections when workload increases. the issue was noticed during normal operations.,7,0,Database & Performance,2026-09-07
